product_sku,gtin,canonical_sku,qty_orders,gmv,curve
PRO1AB8C517D6AE,7909389107160,PRO1AB8C517D6AE,3,1159.03,A
PRDZ3WDVF3KPAYJO,40232931314,PRD72SVY2I1TF1O0,6,815.9,A
PRDDD0LNYQ799FRO,7909389695100,PRDW4VH72QB0ZW0D,22,848.19,A
PRDKH0N6DNN856W7,7909463793142,PRDOULBUEHJMMH0P,7,831.45,A
PRD00IZ9G084MDHK,7898164712364,PRDIZ9AK3UKRYAA7,2,759.33,A
PRDMEPJOP47T1KWK,2960000518630,PRDF68PCSL5D242Q,1,902.05,A
PRDA9616P6FJJPB6,7897889805825,PRO1AD532BB45D9,10,1624.57,A
PRD7G01ELZNEZXTH,7433102914129,PRDCBNOIAEY5S11F,6,1238.63,A
PRDBQ7NXUW8MNVHR,7898576443573,PRDHW2HOY43HPE57,9,3020.13,A
PROC9D1A9629F68,7898943954053,PROC9D1A9629F68,6,928.96,A
PRD0ZDQEHQ3DIB79,7894171113064,PRD4X5IF7R4Y6F9B,1,968.31,A
PRDA4LM5DCTXGGQZ,7908166707234,PRDLB5POORZE6VRH,11,973.44,A
PRDAPY7IWXVGAYNY,7899951401355,PRDQDFGD11V01G12,8,1070.23,A
PRDIXG0OD4ZL4D1Z,7892049060281,PRDYPPL7NMCJFIOY,391,21904.94,A
PRD4U9F2W4VO7WNM,7894663504974,PRDFI6KEBL3ZIN9N,8,1024.68,A
PRDKXGHHOKM0X0LC,7908128617380,PRDJ7KMR9801Y17G,14,971.24,A
PRDSWFRECASG83TF,7898583353186,PRDKYTQL71KZ5VMZ,20,4629.36,A
PRDZIU5D3WIA143W,7908157707601,PRDVBHLPXPJDYA6B,10,852.4,A
PRD4TW3B4N0GMQ9X,639853916499,PRDRBFYG5JVECAZ3,28,1189.2,A
PRDRJEYSKB2HRELJ,606034863491,PRDK70KR4OEWV28N,6,1728.72,A
PRDYRB9U3BN6YF3X,4015110001362,PROA053D9C48247,8,1440.03,A
PRD3ITTQI2W25QQH,3605975050882,PROA56CB4299CF9,7,2911.81,A
PRD2D73ZS6P9C5P6,7898571143300,PRD969QO5TNCSKTK,45,1928.64,A
PRDVCCLX7LM98N23,7898605383559,PRDYVHA56JH6JGOV,28,766.18,A
PRD8CK2BKF9LDAJ6,1001001118649,PRD9HKY68HWMFU12,1,1364.47,A
PRDH162LRCPESJGO,7896873117425,PRDKQXOCVO4RDGF5,1,4886.61,A
PRD2WAVAJ6DONJ2B,7892311109465,PRD5U82SUXV1PDDH,43,1389.5,A
PRDXZFANNA4SZD3Y,7892331000148,PRD6D2K8LOR8MXT3,5,2521.4,A
PRDLY6RZ06E3J4VT,5601989993199,PRDNQX011K19YIWQ,34,1298.4,A
PRD6GJXJ6GFVLU4L,7898513878284,PRD99UT865W128KW,18,857.09,A
PRDPEYRW3ZNOK4XO,7898066740533,PRDZDXVCZGTD60HY,13,1948.17,A
PRDUXJ2Q13X976GN,7898508269387,PRDFSVNK2G9DQL3G,3,2636.84,A
PRDQXJ0411IMQXZV,70896842121,PRDZCHEDB1L100GU,36,1125.62,A
PRDLU9C6SH7RT8G0,7909389270130,PRDLU9C6SH7RT8G0,2,759.22,A
PRDEP452ZI5INN77,7898466608648,PRDV3HWKF4JTI9YD,11,1395.81,A
PRDG0KK5Y6EZUJYJ,7898908616255,PRD6T190PRE8EVZQ,32,839.19,A
PRD2MVUS74WVJVGR,7908013300601,ELE5LE1ZG9IW2SH9,23,2778.19,A
PRD8Z7V4FJF8IV4T,732094204209,PRDJDZ8SLD0OOCP6,1,1499.37,A
PRDTTIGJ3IIVUWQK,6012533474450,PRDDHS5RUYSPYEYW,11,1863.53,A
PRDEMKDLSXOSZGE3,7891356074660,PRDIM8RTIQ5VWTH6,39,7545.59,A
PRDQ5U7H7SIN677F,7895589451762,PRD2T6AUW50J2E68,29,2249.21,A
PRDJAG1YI1JFPYAC,7898326240131,PRDECKGU4POFDUZ2,61,5026.26,A
PRDU6KVKQFXEXTTJ,7890002200026,PRDZWQ1J70LYP706,11,1459.22,A
PRDIHYHV0L7Z6P3Z,7898412081952,PRDXWZZPGZDPCM9L,3,1549.24,A
PRDP7DL55ZOP65R2,7899459304660,PRD7741ZPFDQZSU9,32,1826.42,A
PRD9JKEJ6ADLU7KI,7896873142472,PRD54DAPISVRIZ4U,6,8431.31,A
PRDPXS3B1CT8FMYF,7896498360176,PRDSC5JHDHGQPQQV,11,1442.24,A
PRDOW5LZE88J0XLP,7899091402847,PRDV2PUMTNS7QND4,5,1195.76,A
PRDHS5NDLVIFA0NJ,2960000403806,PRDKIDUNAERDTTCH,22,940.94,A
PRDWDQ6798OSP7QR,606529194192,PRDYMMX6916KAHAQ,8,1487.09,A
PRDYIVOHFHE39JAC,5214214000007,PRDPWMY8LK0FP5CG,18,2522.41,A
PRD3A6JF0KZ3GYFQ,7896311710874,PRD7UKBBM2J3FRDN,18,1825.8,A
PRDXZIJ2IXMNKXK3,7909463040086,PRDYUA5A8MD88WDV,4,1065.17,A
PRDTUC4QDGKNBGH3,7897372153495,PRDIWKCZ3OIQR98N,8,2476.89,A
PRD9WRVU85L2NBXC,7909389054860,PRD9WRVU85L2NBXC,2,1338.06,A
PRDAZIY3RZPN0C3Y,2960000077229,PRD77A4GXSCSPFW9,10,964.39,A
PRD327PI7HOGSXOC,7896637661546,PRDV87CQCM156Y03,8,1499.28,A
PRD98SI9LW1GVBBE,7894945622129,PRDLSKCLFF48DPZ0,4,1355.91,A
PRDL961NTIYH4BD8,7897375164269,PRDBEV5E3O5LUMBE,71,1156.48,A
PRDEQ0EO4JZFGQTX,7898507470104,PRDVS6EHEMRW1ELM,30,754.6,A
PRDYKFQEPED70B0S,7899806929522,PRDUBP4ETURJXFQX,12,2509.54,A
PRDWTDB1GXKYVM51,7896558411602,PROF65D66883886,4,811.65,A
PRDDR5H0MRS8345S,797153462013,PRDZ9A7K3750UL20,10,820.7,A
PRDNSJZ1PG0NR4MH,7896576401678,PRDKVQWUKZYAGJOU,1,1242.42,A
PRDREY4PB9Z8ZMP1,6951003643197,PRD8XOUY5VNGVNJE,97,14015.66,A
PRDTX84I5D9HSCAV,7899621100984,PRD9CHX0WWWRGEIM,93,7914.47,A
PRDXF6A8EXFNJCIW,7898878146769,PRDXAUTIXDDZSHL0,11,865.58,A
PRDK1N2LFSWNJ161,7010646681979,PRDNUA1YHYK199ZR,12,2966.62,A
PRDKYIMHDQOILBXW,7909389252884,PRDKYIMHDQOILBXW,1,1127.15,A
PRDS8A3PLNX61NEQ,7892509104128,PRDOW8XIVAW4829Q,5,3049.5,A
PRD4B3BTBEG8NU4L,7899495703106,PRD3ASCEU2VB1XKP,245,38830.21,A
PRDSJXDSZ3VO2EYO,7892379021754,PRD32SXFA014S6YQ,14,1082.46,A
PRDT5B7OB9OABW21,2960000221721,PRDZW4J4EWD5NP6O,1,951.77,A
PRDDX0YE6YBXZ1I9,7898623881297,PRDRTO67SKAD3NZY,7,2314.83,A
PRDYND1JMMLMEWHJ,7898664996219,PRDNS44G9FCEHJL2,1,801.46,A
PRD44CVTSDBTPTM2,4103590672766,PRDT48QZISOJ1TPJ,10,1631.82,A
PRDPOYVUCPIMBIGQ,7896502930234,PRDJHUAV96SNHBLC,49,3620.5,A
PRDRXQV245IGVIR4,7909389783180,PRDL33Q0LXCHHIQT,9,1002.08,A
PRDDARINFNDONC7N,7896576405898,PRD89CFFI9Z449RQ,3,6291.98,A
PRD100LI3NRDNQWB,7909463144029,PRDKETTO88WG56KY,5,1483.45,A
PRDR7TC3QFSKS6NM,7898164748257,PRDSAXKXCVF5WSNQ,29,2619.82,A
PRDWR87MXO3MHE0F,2960000010158,PRDXO8WQXGA7YGPC,6,845.52,A
PRDOHZIYBOH94S4P,7319470066786,PRD9WYBUM8LCUKI3,3,775.81,A
PRD0LIXG2X8554RN,7898638891557,PRDWRI0ZY6F0GT82,2,801.96,A
PRDQMRKELGDXODOA,7898952421805,PRDD7K6NSXUYGSCU,6,954.46,A
PRDIQ95J7V1N15SP,7898564041569,PRDEY6Q8GN89KDRC,9,805.6,A
PRDG1ZNBGZMEXAJY,7899744019569,PRDS3G9826Z278AL,43,2319.84,A
PRDGTBEBJELZRQ5M,6941057400297,PRDLOIZU0IQ7F0UP,3,1721.97,A
PRDT6318DB43I4DV,2960000040049,PRDHWQLXZ6EWUA1J,7,1430.76,A
PRDB037LCRKM3SMY,7909389270833,PRDB037LCRKM3SMY,1,842.9,A
PRDHCNIQXZDOMQ8O,7909463677916,PRDV6XPXFTKHL984,9,1172.64,A
PRDBC8BT5JJML01B,619960626351,PRD6L0OTYX89G8ID,17,10237.66,A
PRD04FY9V5A3HOUP,7896812701647,PRDFFU3QPULEIG2D,22,1310.37,A
PRD6N0M7MYFQV9KX,4064222574059,PRDVAWXK6WK9Y425,1,819.77,A
PRD41RHHBF9NQR74,7908243600137,PRDIM5XOLWMUM0HU,478,84126.7,A
PRDRL554REG4D21E,7898080080608,PRDLL5KFMCENYPRV,7,1167.3,A
PRD43Z9NCS4KFJ7X,7909201026150,PRD5LCBUIXLARD9M,2,1116.73,A
PRD8ADOVSNPQEFAS,7891529179970,PRD4FIZ3LG0NSGWK,1,877.52,A
PRDV7ZBYF0E9FGOM,2960000566358,PRDY4PDZ36EQ68VJ,3,1042.71,A
PRD4P0428QBE93VA,797153461429,PRDA5MHPN3957PDB,7,820.5,A
PRD9CM4TZLTNGTIV,7898582393671,PRDQ3B9TYOFCQ0S7,9,889.75,A
PRDU88LZ04592W68,9087301754321,PRDBUDIB3HDSGMLT,8,1809.81,A
PRDFX2IZHIC0W1LX,1832018408511,PRDBZNDMR3KBBLGL,2,1969.69,A
PRD5EZAI4D2QYA3C,7909389621864,PRDDPV5C92UNLG9I,14,2215.03,A
PRDNE98A4TOSW6FH,7010622804408,PRDJB56IDNBJ2P9Q,14,1262.05,A
PRD6976U9OMFF8RT,2960000202669,PRDLNRGGPEKJ8BQF,12,2851.34,A
PRDXA3FRR4BCEN5S,7895099558210,PRDY1AUVGBJUNJMC,10,4312.83,A
PRDQ0XSIK8G7AFPC,7434527366234,PRDRR0RAKI9W9N8B,24,2177.15,A
PRDQSOF74TGUIE5B,7909463083922,PRDC0XEQQ5F26RLQ,4,922.56,A
PRDH4Y9V1Y044OHH,695977684652,PRDLD0KAE0OPERGR,1,1537.51,A
PRDM8C9CF8TGQA36,7801010201028,PRDG749KFGC1KMAR,1,937.9,A
PRDH2CP3PK9M2X13,726424714827,PRDUBEFZKMU5W8I0,4,1591.84,A
PRDGDCF7U4PTBTBS,7982505485083,PRD92XKMUUK3UYVW,13,2464.06,A
PRDIQU6Z2OH4O2YK,4954628215727,PRDUEYMNVANPA48R,1,2926.31,A
PRD07HZZ7VGBAL73,7021455782160,PRDOBPELXPLK1EQ5,17,6557.68,A
PRD4R71QQ9V80GTB,751320657831,PRDP67UEKLSYCLNV,30,2478.22,A
PRDI9LL0MX6PQS14,1003001209488,PRDIZZ5XWHAO9R2Q,2,1937.83,A
PRDYZHOXVU7QGDFI,7898085821305,PRDGNF9K2LTC4DTU,7,2635.23,A
PRDQ9RHD0UUFZPEO,7898658022641,PRDZZC11EY1RX8RV,37,1593.9,A
PRD9KWTO9INOT6U8,7898501742221,PRDFHF462VUXAJQ5,12,1134.6,A
PRDQW7QEN0S96Y7B,7896637682985,PRD2WI33J48N78SZ,10,815.95,A
PRDUFU69OBX6M5XR,7891234006318,PRDE5ALKB8ONF40D,16,1279.74,A
PRD9GKX7E3JELA51,6926391989288,PRDX9K2X9VD45K2G,9,804.5,A
PRDHT4ONPUE29RH0,889787982163,PRDGWOL1H8MZZZIL,2,911.64,A
PRDT3WEEP4R5LTQV,7898455049957,PRDSPUQRFUG6Q2YZ,11,3412.01,A
PRD5VCU7Y1OGDUK3,7909389267826,PRD5VCU7Y1OGDUK3,23,2822.52,A
PRD8TXJKO6TFVM0U,7898506456345,PRO19CFDF023E46,14,894.32,A
PRDMTNP8VRNNBFXU,7908200100106,PRD89WXKKQ1Y8CIK,15,7681.0,A
PRD8V0INU7YVO1CT,7898256660320,PRD5A8D0U2UE80R8,12,806.15,A
PRDCXMOFQ8DROKX1,7898944692091,PRD1NOFN121VA8UA,6,756.6,A
PRDBDXVPXJSL3XK6,7909389649004,PRDBDXVPXJSL3XK6,11,819.99,A
PRDQ9R5VYPLGS7AZ,7432929467269,PRD1PG5OO4E330U1,23,2049.24,A
PRDTXQHAZBEBI5N8,7894203014031,PRD4HWAGMV2NB0TK,47,32041.78,A
PRDEFJZAUONVG6QL,7804643980292,PRDNDKR0WCN5XY96,2,1275.88,A
PRDGHMK2STLN8BKG,7898597065044,PRDBCWNRJWFNBRQK,26,884.07,A
PRDRAE3V6IIIGMEY,7890000159470,PRDE911IXHVOQWNI,8,1871.0,A
PRDQ59S404D1TMD3,8433982003417,PRD8DAKA64LVGAZ6,12,1714.37,A
PRDWZSG773B9R6WK,7908157800227,PRD8Y0Y5NOTFO839,4,1171.18,A
PRDBLPV4M9IY2HTG,7890204219109,PRD3MZX6WZF3OCKL,1,1774.1,A
PRDUM3KX6TMHKVHG,7909463591816,PRDBJ1X3CEKXFQC8,6,868.59,A
PRDI21O1CX7TXFW0,2960000034048,PRDIWPBY6RY014YT,2,798.95,A
PRDK5Q03TJWZC37G,7908287100297,PRDJZYZ2KOMA67A7,4,1443.28,A
PRD40P4E6BJ1IU59,7909389408823,PRDKD632U4E7F1MH,11,1476.39,A
PRDQJUCGHVR3C1HC,7891529043677,PRDQJUCGHVR3C1HC,9,1899.24,A
PRDVV7GB7J9DSJHK,793574682894,PRDVFWEBEJ8EYZNP,4,1133.2,A
PRDX4A4LKVROB2SI,1234567896618,PRD8N4ATM4HVNFHO,13,1564.86,A
PRD2CMLP2AVCGXNG,7897313122214,PRDCSO17SDDHMA38,3,2324.21,A
PRD17TJV7IMZ4KUR,7896513317048,PRO5B4BC179B514,1,1204.7,A
PRDHKH7PVDZ0539F,7890002200866,PRDA57LLJQ34Q7DR,6,760.58,A
PRDJXBPULU8WBP7H,7898509996428,PRD7BICXARHBAX3G,19,1643.17,A
PRDH00YLTN9AN99U,7898943209412,PRDH7QW3HZPPIAEQ,19,1169.98,A
PRD1U5V56A471E4L,5126891172925,PRDVYF4PXHVGTMI3,12,1021.17,A
PRDKND8KLGEEOK4J,4064222611723,PRD5983WG4XZBJXX,55,1966.25,A
PRDI9S8XM6TZO7V9,7895660005266,PRD8HFYBA9OV4QOI,2,823.84,A
PRDWRHUYLLMFX2U0,6952202281890,PRDLT4DT7XMO80YB,29,3096.55,A
PRDDN14XHFYBGZ6U,7893590154047,PRDCAOMKVVB8PK3C,7,825.28,A
PRDZOAXYWUUVRH5X,7898599160358,PRDHD6LJAUUVFKXF,32,12422.87,A
PRD0VD0HTXG3VOJA,7899089406116,PRD3OZ62O0WAH74V,6,1915.17,A
PRDBCZBRCU40K7BK,7899121843114,PROE385C1898DA1,96,22031.32,A
PRDGSPCZPZFLKP1U,7054892244458,PRDRYW4MTOD9D4JS,8,1494.59,A
PRD9YGL4F6H5KKR7,7896311765614,PRDKXSJMJW74IIWP,16,1442.86,A
PRDS0QAWRRY7H1BS,7898077620039,PRDMR7TDQH3UNDKF,3,2775.32,A
PRDPI27JG5GHGVLO,8713508752518,PRDF3JY22CZPL5E4,1,2210.07,A
PRDZS4FC24AJTY9S,7895099712445,PRD6H26LST69V4EG,16,871.4,A
PRDJ3MUXN2I6C9QT,7898635780205,PRD1768F4W9LFLJ0,21,1626.65,A
PRDWTD1P4U1BF782,7894200172451,PRDKYIMV9F40PBHZ,2,2413.06,A
PRD0J8ZBW0KPYKGT,2960000409501,PRDZRDX9OM1K6J73,22,1987.23,A
PRDZYZV4YIBEVTAO,2960000069958,PRDIOD42NOISKU6W,5,1305.23,A
PRDGKNINWEZSUWWZ,7898878214826,PRDXV83VNJMA44RB,12,6334.59,A
PRDC3SF5DIL9F2MM,7892597348879,PIO0T252TVQUW1H6,7,5406.1,A
PRDT4DQ0RJPE7H49,8713184137036,PRDKESI9NVYO4X1J,6,1108.03,A
PRDO93XV91V7OUD6,178985123004,PRD9UP6CUBK8PLIO,10,1061.04,A
PRDOBG1A2JVPZ2JM,7898625660203,PRDOBG1A2JVPZ2JM,10,1336.76,A
PRDMPTOREYPWM1RC,7894903993797,PRD0W57KOLSJUBU3,5,1507.22,A
PRDGKFNUPUO0WBFA,6260361044189,PRDZ1B05NKXRW2TM,13,784.27,A
PRDUWW047CRWEBJP,7899058004763,WEG9PZ7MLI674WEK,2,1306.89,A
PRDJE0UCCDKJQ8CH,2960000347704,PRDJWNNXIACMEBVJ,2,1567.76,A
PRDHYJYLTX3FTISV,7908088313452,PRDGLE43KH81BZX8,7,814.32,A
PRDR4TA5E85YANCS,4711182469108,PRD9A49V4QC576LK,18,4788.06,A
PRD4NHCXS5TC1LRZ,8430622544781,PRDA0UELACT7CEK1,1,1321.61,A
PRDF89TXSX96GHZF,7898921107990,PRDYXKLE9X8N29TW,20,11426.23,A
PRDXH8RSIX8DI7DP,7899561501483,PRDWXMV0D3D15R87,8,768.71,A
PRDQ59S404D1TMD3,8433982003417,WDFGINUSOBXGJB75,12,1714.37,A
PRDCSGLOQULEJUFT,8800550956404,PRDYX6P952MVNDKM,135,6160.2,A
PRDM72DJQ6JA5X1S,7895616225229,PRD2H7O2PRWI3673,10,1677.56,A
PRDTSEK88EFIWNXO,7896018311909,PRD2F3PYYMC5KNE3,30,2499.21,A
PRDV2MTRUADUQG29,751320460813,PRD14CTQBA73WI7Y,8,975.57,A
PRD1HUWS8YL2OH79,7898152184364,PRO1D2C35140FD2,2,1377.05,A
PRD5NZ1NNZA7G7T7,2960000010882,PRDI57UNEPXB2PQU,27,3576.98,A
PRDC8IYQUQP2GHKM,7431071933059,PRDZ3X4DXMBJI4YH,1,821.12,A
PRD4ZU8AMTULO709,7897181941436,PRDATOSXA9LSXI7Q,19,2086.27,A
PRDQYIG0JW5UMQXR,7908022500610,PRDKVGL33L4FDSAI,9,779.55,A
PRDMTTROMHT0XIIC,1003001113372,PRD73ZXHJL7T7SH6,1,5343.25,A
PRDU5V4A5RGMG9YG,7897181948510,PRDBDNH3FRVY2H5V,7,961.97,A
PRD599Z3C4RSV3EV,20714170486,PRD6URGJZ19COUME,4,1421.77,A
PRDV0K09WAJN7JW3,7909389484605,PRDV0K09WAJN7JW3,26,2422.18,A
PRD7U3Z2M8KG2NYJ,7890001133325,PRDDAT20GLTQ4Q4Q,2,1454.97,A
PRDUVQKI90NTNZ59,7438648432236,PRDTCAKXIQMSOJF7,3,1382.38,A
PRDVCSZ7Q934C3NW,6918040449489,PRD561A796ULVA4J,11,879.79,A
PRDJ74IXVB87504M,6941057416779,PRDXAGX5UPPJHKKJ,9,1407.19,A
PRDV78EDPRANUKFI,9788516100155,PRDOO1ZWJFOC2JRF,1,"214,76",B
PRD2QE7OIC8R2JDX,4014519151524,PRDPEL1OUZ39NOJD,1,"268,57",B
PRDRCLS3E0D6V2B4,7898878147063,PRDHWUS5NYR6MSKI,2,"311,93",B
PRDBHD9SZPKKM0HZ,7899621106085,PRDOHSBXVWBADM20,2,"224,21",B
PRD3Z6FW4BOQE9S6,85000010587,PRD76J9277008JV2,11,"705,98",B
PRDT2IYQH0ZWYO41,7010622601755,PRDPGI62V3P7DLPL,2,"200,83",B
PRDGE0B26BBSN6U2,7426911549446,PRDHF4P2XG28LEF1,5,"309,84",B
PRDROP82OIYHSVRA,7897208673920,PRDIM46EONCOE5AL,4,"186,18",B
PRD5OTPI5KP4PXC2,7909463594787,PRDP0E05PBVEFR14,2,"227,13",B
PRD7UJNVZAZKN8HS,7898412060018,PRDEGXPE014F5Q6C,10,"729,6",B
PRD9L1C385USH8X3,7893024187382,PRDUGERD1YSGYLB7,1,"207,34",B
PRDZ3JUIB0ZAOPQ9,7891005454119,PRD33LN7HGHAPP24,2,"182,93",B
PRDM6MOEC0NZG48I,7898596905723,PRDF9YV486RXDL5T,2,"328,7",B
PRDP8P31SY5G6YL3,2960000363032,PRD6AJMFTGHM7ZTA,1,"333,52",B
PRD8HTALSDR86VEN,7899768823593,PRD3JHFPBEEOXV0E,2,"355,82",B
PRD60BR11NGDW71D,7891530472213,PRDW2WU108EHUYC8,1,"424,26",B
PRDS1DRDAMN3ZVAL,7895315011406,PROA4F82331D4F7,5,"277,85",B
PRDXTQDBW145SGCX,2960000472611,PRDR40CDUZ7AJYDQ,1,"186,68",B
PRDPQW2U85N751Z0,7891546500436,PRDPQW2U85N751Z0,7,"406,78",B
PRDQ5RJKBGBAEMHB,2960000378739,PRDP324VECHRD94Y,1,"325,56",B
PRDETJD52K6UXYO1,7891461373757,PRDVVCNQ5CC04N7H,1,"280,54",B
PRDWK1GGH0HMI5M1,7898057430023,PRDDOK5IU345QA9V,4,"178,86",B
PRDH0PNMTZOFWD6M,7898584621956,SWE856PV5GWG2ALF,1,"235,61",B
PRD2G4HIG7N6RR2R,7891511396330,PRDV2X3L88NQYJL8,1,"209,25",B
PRDYG7PJDNRYYNXM,7908094401655,PRDWYB01BIIN76D4,1,"328,44",B
PRDDWZDW25IKRFB9,751320753359,PRDWP9RQX5M19LK2,3,"585,14",B
PRDMLDLDJS00YAMW,7898962971871,PRD814RBNR84091Y,3,"255,1",B
PRDTZHKU0EZGBALP,7427902581742,PRDVROX7MVK4YBS0,1,"187,49",B
PRD1F79VLPPPKHTG,609301999763,PRDL85VSXNEZLM2D,1,"402,02",B
PRD2DZJ83Z3D523N,603922842064,PRDZC2DIXKL92JRT,3,"323,84",B
PRDJ76V4MFZMYJNE,887961761856,PRDJ4FOWQR2WHVA8,1,"466,52",B
PRDM47I2BYN3VZXF,7896185970947,PRDTPIL1VN5T0P5J,11,"571,63",B
PRDBIEJFKWJKPNW4,9327868050406,PRD6OA3EO7DC8MSW,1,"214,09",B
PRDJX5TZPQ9MGRE6,7891461060732,PRDOH9VNEO8RUY73,2,"182,62",B
PRDAL57BT0L876SW,7897861995292,PRDNO08NNCXF8A8Z,1,"474,72",B
PRDX4FHIPUC0AC6C,2960000114542,PRDCHSL6PT0S0HEV,1,"248,48",B
PRDFSHFOUJQ0W4BQ,606529089313,PRDEDSWDWN0UDNXF,3,"529,94",B
PRDUG271I5SHCZCR,6905790510194,PRDSFV28Z0NGX47Y,5,"235,27",B
PRD8E5EFCFHE0N45,7898662673501,PRDM4HK9IBCAQW9D,2,"422,79",B
PRDMO9YCA9JKLAKT,7891529174579,PRDL8DQGNBBYLN9B,1,"377,21",B
PRDOGLZ9WAW2R747,7892844002219,PRDS3FMI1JEZMC8B,1,"332,41",B
PRDF102N3EUYWFYN,7898954488233,PRDF102N3EUYWFYN,4,"192,7",B
PRDWNJ2CBX1NADY3,631384908165,PRDG0T6DPW7ZDEL6,2,"229,86",B
PRD1TANCWQJIYBVJ,7898665260104,PRDM3ESVQRYTGHSR,2,"207,12",B
PRDCJT5OCNH7YMNJ,7899884211588,PRDTQ0CKIAJVW7MO,2,"335,73",B
PRD6923BZTB2HNHR,7894728681220,PRD8ARLMPKX5A7OS,1,"387,2",B
PRD0Z4DUJJCPUJL2,7899714324853,PRD73ESN0I4NF78A,4,"336,31",B
PRD435JM0XF1HF1D,7891100028802,PRDVNZ2CCQ4XJEM2,3,"455,98",B
PRDXHA68UZVJ40VG,7909463590987,PRDDDZQNHE4HNVNU,1,"256,32",B
PRDXNF5NOM7J7TW4,7860000000294,PRDOGFT9VYM9QYXD,7,"417,87",B
PRDYNCVO7DJURSNP,7908282002367,PRDONUD53NBMMPXJ,3,"328,63",B
PRDC9DT21MDGZ0V0,7898658781777,PRDBWRCQ9ILTCXE3,6,"267,24",B
PRDIYP3IUX5K9IWG,7893590154092,PRDLITFRJDYV8CUS,3,"449,76",B
PRD9471V0FIVDDSU,7891530448379,PRDWUXD9ZN4FFHZ8,1,"260,49",B
PRDS3T7MQNXVO6AI,4893888198626,PRDFVNRREMBG5BOY,2,"307,3",B
PRD1YN1ZHLIBR07M,7898687680690,PRDE05360Z30DNZY,1,"194,05",B
PRD81XZM2CJDRBAB,7898963571056,PRDMK0UB1RAXEG2N,1,"397,02",B
PRD8GR1UT0NAKLFC,7897717000705,PRD1KZZNA8FDDYLP,2,"476,7",B
PRDYMN7XRZAKU604,2960000144594,PRD15JA7VRI0XDWK,2,"340,18",B
PRDY7U58QN70WUMR,2960000239344,PRD0W12QC9VYXRQA,1,"182,44",B
PRD4JLE5JYI8RW5Z,7908217006606,PRDTQ4UXNHN8LJWD,1,"241,86",B
PRDE2V885RIMUKNZ,2960000648719,PRDOX3PWGDZ2P19L,3,"247,8",B
PRDOZVDZRHGD4GEU,8852008301984,PRDZWZQIF1P9QO8J,4,"209,85",B
PRD96CDQT9TK222G,7010615640914,PRDOYIC8JXWAK64F,2,"382,94",B
PRDE6YF4K8OIQV4S,2960000304776,PRD3PRPX93IINBQB,1,"244,49",B
PRD4ZS12RFKBR8U5,7898620402020,PRDD78I9TF6GQ6XL,3,"286,51",B
PRDFZSOE9WHKDYZO,7898677950451,PRD9WMBQ80CCSJE5,1,"499,48",B
PRDLJAYC51SEY17V,7909463519421,PRDFPGWTWCR5HCXR,2,"292,39",B
PRDRHI8B6ZX744W6,606529884864,PRD067JMG4C8D87U,2,"197,49",B
PRDGB100HRTM6GN5,4713968540094,PRD3YTP0TE6I66K1,4,"257,58",B
PRDH9JDJYM60G7ND,200000097790,PRD3BSMQFB3MZ8Q7,2,"249,42",B
PRD2YSS7YS4Q26KR,7898587641111,PRDHTA19FOLTQUVB,1,"202,86",B
PRDNGA32VJ590VXP,7433966273929,PRDV5YCAF4JZ7V5X,4,"205,68",B
PRDWJX66UI1HC1VM,7897013546228,PRO715D53014B4D,1,"546,72",B
PRD0MNM9W2ALHEF6,7908249507775,PRDRZN7QN4963JED,5,"219,17",B
PRDT751EA6V842QZ,650728044215,PRDTNORPNODRX3YE,3,"193,52",B
PRDPGO7PCLCQWBA3,7897102600510,PRDUZHVJPQU3XJK1,7,"473,64",B
PRDHUHZ6XE4KIMWT,8717185381153,PRDNHFTXLSLE4OI4,1,"242,29",B
PRDLUM7GK6MCQPJF,7898164183164,PRD83GBWQVMJVMPJ,6,"259,56",B
PRDQ49V2Q424CHOF,7898089221644,PRDA56R2S89VYLU3,2,"515,56",B
PRDWGOBVXC7J683S,7896558491000,NTK3DH88RMVHNV3G,1,"327,22",B
PRDLYVD40C51IEDM,7439672826213,PRD9T5N5A6R195HO,1,"301,04",B
PRDIEMN31VJM3ZEI,7898571025026,PRDZEDERB3S9XY1V,1,"174,36",B
PRD9FUKKE05BIUEI,735810185448,PRDOL6I46ICDJG53,7,"438,53",B
PRDORQX0LMMCFA6Z,7898412060155,PRDWCJPJV5A4GJJK,2,"244,23",B
PRDBYIV95PEEWFLO,7899126670579,PRD8TBBO3QVKU5W3,1,"316,89",B
PRD6YMC7IMAWF3VI,7891461280574,PRDLC442HWPI3EXR,1,"748,73",B
PRDJVF91MB08IFU1,8693357394209,PRD00IFNPZDX81JD,2,291,B
PRDVEMTY88PAZVNF,7896041993042,PRD1H4J4EDGA5A2R,2,"247,65",B
PRDRV65HS4ZYJ44B,751320234186,PRDBGMIC1WZDMLUS,5,"524,9",B
PRDLGEUO2QTMDD10,7897459747746,PRD1EMAUFCLU5D5B,2,"221,56",B
PRDH9IGQ1ETN7U6D,7899847729693,PRDPMS8E8GD3HLPR,6,"358,49",B
PRDY4PT08QIROLZB,8500555000095,PRDPEFGWU0ZQ9389,5,"178,5",B
PRDK6GJHIYVK1SVF,7896020677147,PRDY5U9R0ZX7IMLY,2,"277,82",B
PRDR0K382MDR89ZZ,5601989003355,PRD5EP0V14D67VCU,2,"416,12",B
PRDIXZCISYIEUTF7,7452445445121,PRDDNQ2ZU70X03QJ,2,"175,83",B
PRDHEIIRJ59C4407,7898658022511,PRDHTU102AK55DDL,3,"222,75",B
PRDOGY2RIB68MJFI,7898095057404,PRDREFHHUAZ7RRKK,1,"247,25",B
PRDGS1FP6LG20L39,7899519908821,PRDPI51DWK6AEH4C,2,"191,38",B
PRD0R5C4X5WFA33I,7898576443344,PRDDEM68UF0Z2OW2,3,"360,41",B
PRD3JIKS2AIHMWEH,7890231122342,PRDDGXS0IUMSZA7N,1,"296,35",B
PRD8BSEN5L4IIK0R,7897712069431,PRDHTU55KI45EWAU,4,"229,59",B
PRDY1BAADFUS9CB8,1286508320126,PRDZRCCTH41Y2BU6,7,"329,5",B
PRDCW7JEGILVNSB1,735810170154,PRDLC689UEQN8EDK,2,"232,06",B
PRD2ETNS4KQO4TU7,7892546514546,PRD2ETNS4KQO4TU7,18,"443,78",B
PRDBTD5GU88OVR7F,7908020901587,PRD6XFEZM7H3CIHB,4,"251,49",B
PRDUNT6TIPH1IQ92,7899961001729,PRD0CZOSYDMP8XQ7,10,"279,2",B
PRDM3PGWQ63A9I9P,10450015189,PRD39ISI9KN3DO9S,4,"342,88",B
PRDYI5EDUDBYLOPT,2960000082674,PRDYR1DU8WH49DTI,6,"580,52",B
PRDL2ZBZV8CTA9AD,7842017122251,PRDOTBO4KFOEMH1C,1,"206,15",B
PRDPJW59T75HZR38,3528707178527,PRDNQS9TE448JX8K,2,"569,87",B
PRD4H9LBI0ZL2V5V,6012507379385,PRDGWJQ0TW6XGEMM,4,"367,41",B
PRDLPEOLFIZ7A1CU,7898598164272,PRDGDMDUB1M6BQQ4,1,"199,21",B
PRDOWCFFZ0PR0MRY,4079670612291,PRD2FBU9NAO8DBJZ,7,"323,65",B
PRD7IYBPUGD4D3P6,7430041849482,PRD7OFSJ422ZCGMA,1,"231,72",B
PRDTV2ADZ3N8LLLY,7898554606211,PRD14C5C3LZWMNN9,2,"402,98",B
PRDKZQS2P6KHJQVB,789599562341,PRDD9S63LDLVIS72,2,"268,21",B
PRDT556VB1H05YIS,7898576366254,PRDYLBT06Q9QHY2K,1,"400,92",B
PRDQWRNN07ZTF76P,9116354445174,PRDSMQGB4KIPAR6F,2,"421,14",B
PRDQQE5JSZDH0LAB,2960000312337,PRDVDV632295VA2W,2,"229,98",B
PRDHP9EG4K8QPFDM,4974019020877,PRDQEXZQAW3YNZIH,8,463,B
PRD9359ON5B533SM,27242868854,PRDE56LUPTXG2XCF,2,"258,38",B
PRD37V6K9NZA8PNL,2960000888436,PRD4U9PZ6GH6KR0Y,1,"196,31",B
PRD2FPMHLIP9ENHO,7909389579103,PRD6EW0KJO3Y6N2L,3,"415,71",B
PRDIN1EBL5L2BDP4,2960000249459,PRDNIAG4KH6PRF97,5,"700,24",B
PRDEFLCFPWNLK5W8,669818570800,PRDBCYQ7RXJQH5OB,9,"381,42",B
PRDM5ZZE2DAYC1GG,7892996131447,PRD4UHO2RKWLGXZ0,1,"218,99",B
PRD20CTOW8S12LV4,7898963013532,PRDZ3LKRIMUE81NX,4,"446,54",B
PRDDFA9HASNWETZ7,40232926778,PRD59T72EP5ADDVJ,3,"716,92",B
PRDLF0Y300PRXWDD,3481500005776,PRDZKRCOP4XJJDEH,5,"258,04",B
PRDXVZ302GYI6SS1,7426844271162,PRDFOP8YYTTK1BI8,2,"204,45",B
OLT1FE68051DD0E,7899893323067,OLT1FE68051DD0E,1,"258,96",B
PRDHIRVEGWTFMM6A,7896779810000,PRDLHSCNLC9ZMOFQ,4,"269,09",B
PRDG8XEU9V3BYM7T,720355985363,PRD6WD0EC7JMA86V,2,"423,98",B
PRDPHFFAY9EL661L,2960000207824,PRDKLGND18BDSVQ6,1,"197,97",B
PRD5AV2FXIWCDPWU,9788551002049,PRDIB6MTGGXX54FY,2,"277,49",B
PRDB9A4YS8SRZTW6,2960000977550,PRDPQUM6D0H1GY3M,1,"201,13",B
PRDV4U7MQP90A8BC,7908157707632,PRDX0SHFBKSS0H6F,7,"595,38",B
PRDVJXW2W7V4K55M,3509866219702,PRDVJXW2W7V4K55M,3,"292,65",B
PRDEP70HUO57HAGQ,7895792018325,PRDHT4FMQ9EMTN0B,2,"246,61",B
PRDU1648G8JUNSCZ,7909389931277,PRDOJ6JLDFKIS3U3,4,"525,28",B
PRDKK5OOY3GALAA2,7891106912846,PRDQ3FZ5ZORGSG6R,2,"401,8",B
PRDQ11KRTUSLO77P,7898603651476,PRD6RHV46OWHV9PX,2,"270,82",B
PRDC84QJ57P42IXC,7899121810826,PRDHN1IPY3UKZWYB,2,"746,7",B
PRDPPO0K2DPZ1M43,7893689960887,PRD89PMPYLQY1ZLU,1,"711,06",B
PRDWBTFE5J5UC096,7897066314645,PRD7WTUD1MY0OHMY,1,"219,96",B
PRD2F1L36XPDII4E,7898152189550,PROA8FEF9F405E0,1,"503,8",B
PRDXJ7I0IC68TWD5,6925187882017,PRDOM9H7N6725CXU,1,"176,11",B
PRDZ2XOKZ9SQNFYG,7599681858008,PRD43UXQEEMWBJP5,1,"285,77",B
PRDDVYTHSSH7CHLM,7897375171618,PRDDD6077UIL0DAR,5,"332,09",B
PRDPZE1DUXQYP3AR,8000000546371,PRDUJU3B54LKRJZ0,2,"279,19",B
PRDCNTP5QIF8AAGA,7894728693193,PRDUEAS6NM5W27GV,1,"667,11",B
PRD459J0T1NZT78J,7899090123026,PRDPOMEKWMVS0964,3,"293,83",B
PRDZFI1Y1WL9LUKG,7891638005016,PRD8ILAQE4B9Q8MW,1,"193,95",B
PRD5ZW373BGBAG9T,7891709098350,PRD4ZK3I5UEBIHAN,9,"312,37",B
PRDT8SV4ZZM10K85,7897323380963,PRD6T6OBYVI9GSAL,2,"181,29",B
PRD6SK9PWHXAXDQ2,7898249430220,PRDR15Q6HJ0Z56W6,3,"229,63",B
PRDBCE516DULS9K6,7898483538119,PRDKU0A092KW6LCJ,20,"549,6",B
PRDTEJFPVPLL0IIK,2960000726042,PRDIPD1RJK5MTNFN,1,"215,42",B
PRDZYBE6N591JAXP,6941690710814,PRDYQJRW9NYEWYW2,1,"180,31",B
PRD2WTMQ77XILBPD,3349990667310,PRDK4W2JZD0GZMFP,1,"219,5",B
PRDTI3UJVIF0WK4X,7908108200069,PRDJWLFSMWOGRR0F,1,"322,59",B
PRDM19P7NLBB64HY,7899658333768,PRDIHQA6VMM5CW4O,10,"392,16",B
PRDDBMQJIEUHEPVX,7434923411705,PRDEK9QVHQ0G3FIB,5,"204,14",B
PRDLJOJ0OUT0UVBH,7891116032947,PROAC39E148635B,2,"419,96",B
PRD7URI2TK2VLGEU,9788587114617,PRDG5S1SRGD0U0N1,14,"715,86",B
PRD32TEMG8HPY0EV,7908084303600,PRDS8DUBBEVSJIZB,2,"626,8",B
PRDAP5YIBTEVQSTF,7909389275913,PRDNV90URVXTYEN8,4,"181,13",B
PRDDIP5KJG5I4M25,2960000420001,PRDZ2ABJ748FRAB0,1,"186,27",B
PRD90VVKR9SP1JFD,7898952227438,PRDFRJQB1MY861UH,8,"683,9",B
PRD3Q25NJKVVTZ87,7842017175806,PRDZE47C4UF1BBII,2,"399,82",B
PRD52CO40J02KHS4,7908165413624,PRDYBBHFMI30ER7K,3,"708,18",B
PRDA4NXO6C55F14K,7892463456776,PRD3XXECAQIV06H2,3,"176,44",B
PRDVPO2WEDA6FL4V,7430535049657,PRDCGKJ0S5OFS79V,6,"454,5",B
PRDPKIC48WQC46LS,40094936601,PRDCYRVFOKUV2W1M,1,"189,05",B
PRDKXWUXB847TRZS,7894448051938,PRDLI00CXF8A3QIG,2,"334,4",B
PRDUK1S2UYVXKXRY,3348900662636,PRDLSBYOK09EZM1C,1,"406,13",B
PRDWFV8OTBGTSX3Q,7891333117373,PRD7KYT4M8JA4FM6,1,"187,45",B
PRD224O1ZRRU39KR,8809145211249,PRDJNEVPFF8HBRKB,1,"374,32",B
PRDI05IV1VUZFLV8,7898105770149,PRDCZDZ1WUB1SK8H,1,"192,01",B
PRD4JB2STR6N0C5B,7892201506213,PRD74XOLDV4RMARX,2,"331,64",B
PRDVOXIN2E4NS6PQ,7897915304254,PRDJPYA80O4FWOU5,10,"534,12",B
PRDJMTWKD4CCGM4P,7893979356871,PRD8PTSD47BQ6R6B,3,"469,41",B
PRDMOVNNAJSLO2LE,7416430596298,PRDIFOL85MVPRM7R,6,"451,53",B
PRDWHWM091WALSAH,7896771604645,PRDC1AVMR5ZA1VDF,3,"511,03",B
PRDOBJQ521X7KMFM,735810138666,PRD50GCYA6NDD6KC,4,"483,14",B
PRD52SNYG1C811Y5,7909389403224,PRD2OH7UCAXM3S8H,1,"174,46",B
PRDLZJAKJYHS7N5X,7909389644337,PRDLZJAKJYHS7N5X,1,"211,26",B
PRDYOOOZO3FD1VC9,669818571548,PRDCVJTFNPKFMM54,13,"553,87",B
PRDQLGW1TFQT9NRU,7898233170149,PROAF83546ED376,2,"183,42",B
PRDJZJ64P0MKZU6N,7897373187154,PRDQELCDWG3NJK07,1,"392,93",B
PRD50ANPSQTMUO1R,3612497212025,PRDVKNVHNXW82B8V,2,"184,8",B
PRD2WVB2BJUCFZQ5,7899886027804,PRD9W5ZYSW4L2W6O,26,"445,37",B
PRD0EIXO0X0GD0MC,7899670909576,PRD962N1NHRGGXGY,2,"290,82",B
PRDYEFJCQHNKR1N5,7898674580835,PRDHFQSLB49DE9DF,5,"230,6",B
PRDDIZQ5LTN0FXAN,3147980006664,PRD0EONXV0VOE9X2,23,"733,23",B
PRD1HVEJIQFQ4787,7899578305296,PRDRIJJKDOC1FIP1,1,"219,56",B
PRD8KXUI4ZS6SUVW,78000804690,PRDAC5DMF6K2FCHZ,3,"416,86",B
PRDN4YT1ATBLCMOM,6012519039031,PRDF4KDWGJ1P1MGF,1,"267,78",B
PRDATFIFULYMMCXW,7842017170054,PRD9EZ3HT5HSHPZ7,4,"618,61",B
PRDFSCHB2FV57DF8,7010639537696,PRD045DUM5ZG0QWK,12,"735,2",B
PRDFVAQR3D4TF10L,7892125451453,PRDO5KTFAAWG23XB,1,"403,28",B
PRDZO2N5BSOS7UJG,7898562618398,PRDIZUTRLIKIQKE9,1,"190,14",B
PRD604N0QI3282W8,7898531344761,PRDXCXCL62L1JJ61,4,522,B
PRD54S582BX5REQR,7899527010004,PRD3XWC5P2F406D3,6,"402,49",B
PRDVYWYMTNQUSCMC,798190061023,PRDY3YEOD9DVNIN6,4,"509,08",B
PRDEKSCN6XH3O83E,7896640428778,PRDMOZXZHUH6VWPS,1,"230,86",B
PRD715I6AU4L76EF,6918039949365,PRDBB3JTHGOFOLXR,4,"235,57",B
PRDEYESSUPOGWIPD,2960000490295,PRDA8D3F9H7NFUDI,2,"328,03",B
PRD6FIBJN76BU2E5,7909389855214,PRDPQSRCM9009G5S,4,"190,46",B
PRD8ZT80W7MAL4HN,7899882306231,PRD0FM0G14CUSB0I,1,"314,03",B
PRDHLOMQ3CV5MJH7,76950450370,PRDTJBJ36XBL7FQ4,4,"269,79",B
PRD1U56J2M2XD4KP,92756008973,PRDWR3GBVWZZ0KQ0,2,"638,18",B
PRD18EH5MD4JD4ZF,7909253145809,PRD4G41GVC63MN2M,3,"210,03",B
PRDCG104GLRMJ76A,7898556602563,PRDUR1W0MTAS9U83,5,"608,85",B
PRDP1X3NSSEPUPMS,78911904694596,PRDURLE2183PBD79,1,"197,98",B
PRD3VL4HNR9OKP5T,4990173004676,PRDG8QCCJQVKMSJV,4,"392,96",B
PRO1697104EB457,7900661620476,PRO1697104EB457,1,"185,46",B
PRDYIFNR4LUE627Z,5054131053942,PRDKEBOVFZG12CYE,2,"182,96",B
PRD78UXS8X1OZ63D,669818568524,PRDJ589PT3UCHFRV,6,"305,04",B
PRDKTJ3F6G6GEK73,2960000102181,PRDLZ7V1QEEX7DDB,5,"714,39",B
PRDP1WSOEH0XHENE,47956728327350,PRDHHFRHJS4JEZQW,17,"679,82",B
PRDSG7Y9IAKSQCQ6,7890531778300,PRDBEB49X0K6EXED,7,"219,31",B
PRDF68Y8HZ0GAAW6,7891530598852,PRDEXJ3QKEXS0KN2,2,"590,16",B
PRD4ZFKW8CPPTLXU,748323522587,PRD6ZL42Y5V2HAP5,3,"315,44",B
PRDJ5113JE1IM9NO,7896176844196,PRDSQVPKHI2P7Q9V,1,"302,09",B
PRDBMVCUW35W9SIY,4892679108561,PRDDPDBX03FSJVKI,1,"322,63",B
PRD53DTL2WWE9SFM,7010646682709,PRDK4MD0L3SA8V4S,4,"435,54",B
PRDQYC9LM850COPK,7898678680012,PRDTALZUL9G5JLWH,3,"174,33",B
PRDWL1SYBETR5MZL,7896715606315,PRD48ICL9XMAO3E8,5,"186,88",B
PRD5F7A180F3NY9K,8000000546227,PRD62RDG2XEQWM42,1,"678,31",B
PRDF01A6K47IYUV5,2960000033676,PRDRMY99C4YCZ0AT,2,"263,46",B
PRDSY90O04UF5URC,7898626441337,PRD2WHH0C4M3DDC6,7,313,B
PRDDS1PA9897DAAW,888392459916,PRDTI5JHXES7EUHX,1,"573,21",B
PRDVGYUUYR5CNSES,7899944512297,PRD2OCEK0Y0DFWTY,1,"333,7",B
PRDKR9HV7PKLZP49,2960000814237,PRDHH83V2U40ZAE3,4,"333,28",B
PRD6562VLR21LZDF,7899441916024,PRDDUBMWV4T8O0TI,2,"293,88",B
PRD5B96RW2AS881Y,9780711018242,PRD3PLMGCK95NF4I,8,"535,2",B
PRD357BW5TT53VWY,7896369126108,PRD20VX1GXGJA0E2,4,"200,8",B
PRDDZLDT31XS4G9W,5410522545661,PRDIHBN3ABS07T6Z,1,"268,56",B
PRDVBMHCF1MQRZBP,7890002001142,PRD54XP1KDH5LW6G,1,"252,99",B
PRDWOAXIU4E0AFPW,7909389695704,PRD7FNFF3L14J456,2,"277,56",B
PRDL0HIN7ZSZUVRK,9788531116438,PRDFCXDAMM3NZ3DS,2,"214,43",B
PRDLYAOXEC76EZBQ,7898004337788,PRDY7KIJP8ZDD2HX,7,"263,07",B
PRDEIEFJZCLRJC0H,725423847758,PRD9W3H80UHLNUGV,3,"230,77",B
PRD5LYTXZY9O7ZI5,7898678770348,PRDRPS946MDTB307,3,"246,89",B
PRDBXS6U8WW69OTL,8411061949931,WDFVOEF25H8FHFPY,2,"199,8",B
PRDMQWVGLP36KP0Y,7430970947433,PRDGBH1QB9JHLLGZ,1,"180,4",B
PRDAXFFSL1G7UOF3,7898423270826,PRDXAFPTYKU1914Y,3,"678,2",B
PRDJD9WFA4RI6Q58,7896000717160,PRDVGKPLESD7RGVD,3,"178,05",B
PRDOK4QZAK2JRO8I,7898673652922,PRDQSFZ5M3P1RS2X,1,"184,09",B
PRDJ2H1FKDF3AWJP,2960000482207,PRD9J9HVHHVBZSU8,2,"358,66",B
PRD3MIQSHSIQYM97,7890016062009,PRD9V045DR68JPG5,7,"248,76",B
PRDMVFPO7DBOBCM4,2960000458608,PRDJ766J0KIV476I,1,"596,83",B
PRDFLLMZZHZDM7N3,7894034655991,PRDX8FT2DT6JEKQ8,13,"537,35",B
PRDNEL9E4UPPZG4H,7909389347900,PRDK7CMMAL7F7Q50,2,"297,86",B
PRDG3EY8VX9H07QR,4015400793007,PRDP4ZS3Q0FSQKG8,1,"208,25",B
PRD5G8PXWUGT6LYY,7896502923885,PRDLS6JK2EKGRN8U,6,"303,53",B
PRDSXRL47SSH2H2G,7909389324758,PRDRPSJKHUDOF8G4,3,"480,04",B
PRDCJG8XZM6GFWC1,7898597064603,PRD40F2JS4UCVHJ8,22,"747,49",B
PRDFH3AM5PPX4D8V,856459002870,PRDLSHB4LPEMMYP5,3,"223,19",B
PRDZZK3UNKTXM06Z,7431006084559,PRD6YG3949HDBV47,4,"201,23",B
PRD7FISCQVRYSRXM,7804320753454,PRD1DQT9X3O208ZN,6,"271,92",B
PRDVNMUBXHY1TJML,7898639830098,PRDNV1CYHSPAQZ46,8,"216,55",B
PRDUDEFHSW0GOTAB,7895099385786,PRDJEM8UDIRHZTIR,3,"277,25",B
PRD7V5B0H14A6PNM,7899638102292,PRDVQ09RMGRX9W0Z,6,"289,64",B
PRD0WJOS3RVFHFOU,7898915704471,PRD0WJOS3RVFHFOU,2,338,B
PRDZAQW5SR8INBEF,7909389736827,PRD6O4V3ZFKZXSE6,2,"223,44",B
PRDXCYFHPEJTVZ5B,7010639926599,PRD2S7YSB1M0N1A1,2,"311,28",B
PRDULZMBYIPB45U9,7908192200204,PRDIWCMFKNRSKNSC,2,"310,74",B
PRDCL8MTVEGTZT69,789116041663,PRDROIDLD53U6L30,1,"214,31",B
PRDQFYS7GKGMYKOZ,7909389335822,PRDQFYS7GKGMYKOZ,1,"171,58",B
PRDLY8XZ3JUMDL4Z,7898579000711,PRDH9S1SWJY0TC3O,4,"444,44",B
PRDUEOK2W55ZS6C6,7898930960036,PRDMV93SAO04NSFR,3,"253,3",B
PRDN4PRY9ALD8G7F,742832141185,PRD4N3GE0XJM22MW,3,"489,29",B
PRD3U97BR999NTZT,2960000409235,PRD6IJOSDAJAII15,1,"282,62",B
PRDZEOZDGF7MI4LY,602168928082,PRDT7O4O8UJCLT66,1,"185,9",B
PRDS1H3AZBJZ5GQR,7898674581047,PRD7TCU93G1OEJU0,9,"461,53",B
PRD55X0S421NRGVC,7894200175353,PRDPPDUBVF13V7AL,1,"656,18",B
PRDGDPEL42HKEEEE,2960000695591,PRDPC46PY07G2Y93,1,"627,48",B
PRDPZ02V48DYCD5G,45496590017,PRDJ36VGO1NVMSJ8,1,"202,4",B
PRDHS91NYVEKPUAE,7908245911590,PRDI4815TJEBO1R1,3,"378,66",B
PRDA18GK47ZYXX6T,603786426219,PRDWL8P0XK01CGJI,2,"575,38",B
PRDQLLA7FQ7SVFKI,7896580606342,PRDWUWHLL84H5XOF,1,"231,01",B
PRDEK371NLE6K2HX,7908004608624,PRD2BBDIOHGCEK3D,1,"336,31",B
PRD5X9U0AM32LM61,4206113771707,PRD4YN03J2AR9GBG,16,"469,76",B
PRD8O46ZBWNZVGRV,7896020637509,PRDS70G81C5BWZU6,3,"556,31",B
PRDDWASV0TFXKT1I,6781023435942,PRDS0QCB7ZPMOS3S,1,"211,68",B
PRDDD8J4RGEMKP55,7898656956436,PRDSGQ2CPF028Q0D,11,"439,56",B
PRDXJ31JD0PPUSWH,7899838834221,PRDF06VB1S7QU8NA,6,"679,39",B
PRDCENHP9NZ2E9DC,7897372110450,PRDQXO5VSFH3CO4P,1,"302,86",B
PRDAY763837UXBRO,7898942072222,PRD6WMOTLLRGFCZO,1,"291,63",B
PRDQG2RRL1I6XS6L,7898582469154,PRDJ6QFTQX6HC6NO,2,"188,02",B
PRD21XQOSYCRKSLY,7899738007978,PRDDK2GONOJKUOF4,1,"215,16",B
PRDYRC5AJTWVU3D2,7909389858048,PRDYRC5AJTWVU3D2,1,"241,27",B
PRD3PH2G348OJWKC,7898916814025,PRDJJZP4HRDR3V4X,2,"238,98",B
PRD8H8ARGVTB4DAT,7908113811489,PRD8N6EHRR0OUUBJ,1,"294,45",B
PRDWXM4CKHATXSPM,7894200183549,PRDQWTR0F27Z73NU,2,"429,6",B
PRDZZ937MBLE7O7Y,7908245602559,PRD2AC24I4KWE343,3,"369,52",B
PRD4QSGPY8E4CYKW,7898147771050,PRDEAPKVT10Y3WSY,2,"216,37",B
PRDV78EDPRANUKFI,9788516100155,PRDOO1ZWJFOC2JRF,1,"214,76",B
PRD2QE7OIC8R2JDX,4014519151524,PRDPEL1OUZ39NOJD,1,"268,57",B
PRDRCLS3E0D6V2B4,7898878147063,PRDHWUS5NYR6MSKI,2,"311,93",B
PRDBHD9SZPKKM0HZ,7899621106085,PRDOHSBXVWBADM20,2,"224,21",B
PRD3Z6FW4BOQE9S6,85000010587,PRD76J9277008JV2,11,"705,98",B
PRDT2IYQH0ZWYO41,7010622601755,PRDPGI62V3P7DLPL,2,"200,83",B
PRDGE0B26BBSN6U2,7426911549446,PRDHF4P2XG28LEF1,5,"309,84",B
PRDROP82OIYHSVRA,7897208673920,PRDIM46EONCOE5AL,4,"186,18",B
PRD5OTPI5KP4PXC2,7909463594787,PRDP0E05PBVEFR14,2,"227,13",B
PRD7UJNVZAZKN8HS,7898412060018,PRDEGXPE014F5Q6C,10,"729,6",B
PRD9L1C385USH8X3,7893024187382,PRDUGERD1YSGYLB7,1,"207,34",B
PRDZ3JUIB0ZAOPQ9,7891005454119,PRD33LN7HGHAPP24,2,"182,93",B
PRDM6MOEC0NZG48I,7898596905723,PRDF9YV486RXDL5T,2,"328,7",B
PRDP8P31SY5G6YL3,2960000363032,PRD6AJMFTGHM7ZTA,1,"333,52",B
PRD8HTALSDR86VEN,7899768823593,PRD3JHFPBEEOXV0E,2,"355,82",B
PRD60BR11NGDW71D,7891530472213,PRDW2WU108EHUYC8,1,"424,26",B
PRDS1DRDAMN3ZVAL,7895315011406,PROA4F82331D4F7,5,"277,85",B
PRDXTQDBW145SGCX,2960000472611,PRDR40CDUZ7AJYDQ,1,"186,68",B
PRDPQW2U85N751Z0,7891546500436,PRDPQW2U85N751Z0,7,"406,78",B
PRDQ5RJKBGBAEMHB,2960000378739,PRDP324VECHRD94Y,1,"325,56",B
PRDETJD52K6UXYO1,7891461373757,PRDVVCNQ5CC04N7H,1,"280,54",B
PRDWK1GGH0HMI5M1,7898057430023,PRDDOK5IU345QA9V,4,"178,86",B
PRDH0PNMTZOFWD6M,7898584621956,SWE856PV5GWG2ALF,1,"235,61",B
PRD2G4HIG7N6RR2R,7891511396330,PRDV2X3L88NQYJL8,1,"209,25",B
PRDYG7PJDNRYYNXM,7908094401655,PRDWYB01BIIN76D4,1,"328,44",B
PRDDWZDW25IKRFB9,751320753359,PRDWP9RQX5M19LK2,3,"585,14",B
PRDMLDLDJS00YAMW,7898962971871,PRD814RBNR84091Y,3,"255,1",B
PRDTZHKU0EZGBALP,7427902581742,PRDVROX7MVK4YBS0,1,"187,49",B
PRD1F79VLPPPKHTG,609301999763,PRDL85VSXNEZLM2D,1,"402,02",B
PRD2DZJ83Z3D523N,603922842064,PRDZC2DIXKL92JRT,3,"323,84",B
PRDJ76V4MFZMYJNE,887961761856,PRDJ4FOWQR2WHVA8,1,"466,52",B
PRDM47I2BYN3VZXF,7896185970947,PRDTPIL1VN5T0P5J,11,"571,63",B
PRDBIEJFKWJKPNW4,9327868050406,PRD6OA3EO7DC8MSW,1,"214,09",B
PRDJX5TZPQ9MGRE6,7891461060732,PRDOH9VNEO8RUY73,2,"182,62",B
PRDAL57BT0L876SW,7897861995292,PRDNO08NNCXF8A8Z,1,"474,72",B
PRDX4FHIPUC0AC6C,2960000114542,PRDCHSL6PT0S0HEV,1,"248,48",B
PRDFSHFOUJQ0W4BQ,606529089313,PRDEDSWDWN0UDNXF,3,"529,94",B
PRDUG271I5SHCZCR,6905790510194,PRDSFV28Z0NGX47Y,5,"235,27",B
PRD8E5EFCFHE0N45,7898662673501,PRDM4HK9IBCAQW9D,2,"422,79",B
PRDMO9YCA9JKLAKT,7891529174579,PRDL8DQGNBBYLN9B,1,"377,21",B
PRDOGLZ9WAW2R747,7892844002219,PRDS3FMI1JEZMC8B,1,"332,41",B
PRDF102N3EUYWFYN,7898954488233,PRDF102N3EUYWFYN,4,"192,7",B
PRDWNJ2CBX1NADY3,631384908165,PRDG0T6DPW7ZDEL6,2,"229,86",B
PRD1TANCWQJIYBVJ,7898665260104,PRDM3ESVQRYTGHSR,2,"207,12",B
PRDCJT5OCNH7YMNJ,7899884211588,PRDTQ0CKIAJVW7MO,2,"335,73",B
PRD6923BZTB2HNHR,7894728681220,PRD8ARLMPKX5A7OS,1,"387,2",B
PRD0Z4DUJJCPUJL2,7899714324853,PRD73ESN0I4NF78A,4,"336,31",B
PRD435JM0XF1HF1D,7891100028802,PRDVNZ2CCQ4XJEM2,3,"455,98",B
PRDXHA68UZVJ40VG,7909463590987,PRDDDZQNHE4HNVNU,1,"256,32",B
PRDXNF5NOM7J7TW4,7860000000294,PRDOGFT9VYM9QYXD,7,"417,87",B
PRDYNCVO7DJURSNP,7908282002367,PRDONUD53NBMMPXJ,3,"328,63",B
PRDC9DT21MDGZ0V0,7898658781777,PRDBWRCQ9ILTCXE3,6,"267,24",B
PRDIYP3IUX5K9IWG,7893590154092,PRDLITFRJDYV8CUS,3,"449,76",B
PRD9471V0FIVDDSU,7891530448379,PRDWUXD9ZN4FFHZ8,1,"260,49",B
PRDS3T7MQNXVO6AI,4893888198626,PRDFVNRREMBG5BOY,2,"307,3",B
PRD1YN1ZHLIBR07M,7898687680690,PRDE05360Z30DNZY,1,"194,05",B
PRD81XZM2CJDRBAB,7898963571056,PRDMK0UB1RAXEG2N,1,"397,02",B
PRD8GR1UT0NAKLFC,7897717000705,PRD1KZZNA8FDDYLP,2,"476,7",B
PRDYMN7XRZAKU604,2960000144594,PRD15JA7VRI0XDWK,2,"340,18",B
PRDY7U58QN70WUMR,2960000239344,PRD0W12QC9VYXRQA,1,"182,44",B
PRD4JLE5JYI8RW5Z,7908217006606,PRDTQ4UXNHN8LJWD,1,"241,86",B
PRDE2V885RIMUKNZ,2960000648719,PRDOX3PWGDZ2P19L,3,"247,8",B
PRDOZVDZRHGD4GEU,8852008301984,PRDZWZQIF1P9QO8J,4,"209,85",B
PRD96CDQT9TK222G,7010615640914,PRDOYIC8JXWAK64F,2,"382,94",B
PRDE6YF4K8OIQV4S,2960000304776,PRD3PRPX93IINBQB,1,"244,49",B
PRD4ZS12RFKBR8U5,7898620402020,PRDD78I9TF6GQ6XL,3,"286,51",B
PRDFZSOE9WHKDYZO,7898677950451,PRD9WMBQ80CCSJE5,1,"499,48",B
PRDLJAYC51SEY17V,7909463519421,PRDFPGWTWCR5HCXR,2,"292,39",B
PRDRHI8B6ZX744W6,606529884864,PRD067JMG4C8D87U,2,"197,49",B
PRDGB100HRTM6GN5,4713968540094,PRD3YTP0TE6I66K1,4,"257,58",B
PRDH9JDJYM60G7ND,200000097790,PRD3BSMQFB3MZ8Q7,2,"249,42",B
PRD2YSS7YS4Q26KR,7898587641111,PRDHTA19FOLTQUVB,1,"202,86",B
PRDNGA32VJ590VXP,7433966273929,PRDV5YCAF4JZ7V5X,4,"205,68",B
PRDWJX66UI1HC1VM,7897013546228,PRO715D53014B4D,1,"546,72",B
PRD0MNM9W2ALHEF6,7908249507775,PRDRZN7QN4963JED,5,"219,17",B
PRDT751EA6V842QZ,650728044215,PRDTNORPNODRX3YE,3,"193,52",B
PRDPGO7PCLCQWBA3,7897102600510,PRDUZHVJPQU3XJK1,7,"473,64",B
PRDHUHZ6XE4KIMWT,8717185381153,PRDNHFTXLSLE4OI4,1,"242,29",B
PRDLUM7GK6MCQPJF,7898164183164,PRD83GBWQVMJVMPJ,6,"259,56",B
PRDQ49V2Q424CHOF,7898089221644,PRDA56R2S89VYLU3,2,"515,56",B
PRDWGOBVXC7J683S,7896558491000,NTK3DH88RMVHNV3G,1,"327,22",B
PRDLYVD40C51IEDM,7439672826213,PRD9T5N5A6R195HO,1,"301,04",B
PRDIEMN31VJM3ZEI,7898571025026,PRDZEDERB3S9XY1V,1,"174,36",B
PRD9FUKKE05BIUEI,735810185448,PRDOL6I46ICDJG53,7,"438,53",B
PRDORQX0LMMCFA6Z,7898412060155,PRDWCJPJV5A4GJJK,2,"244,23",B
PRDBYIV95PEEWFLO,7899126670579,PRD8TBBO3QVKU5W3,1,"316,89",B
PRD6YMC7IMAWF3VI,7891461280574,PRDLC442HWPI3EXR,1,"748,73",B
PRDJVF91MB08IFU1,8693357394209,PRD00IFNPZDX81JD,2,291,B
PRDVEMTY88PAZVNF,7896041993042,PRD1H4J4EDGA5A2R,2,"247,65",B
PRDRV65HS4ZYJ44B,751320234186,PRDBGMIC1WZDMLUS,5,"524,9",B
PRDLGEUO2QTMDD10,7897459747746,PRD1EMAUFCLU5D5B,2,"221,56",B
PRDH9IGQ1ETN7U6D,7899847729693,PRDPMS8E8GD3HLPR,6,"358,49",B
PRDY4PT08QIROLZB,8500555000095,PRDPEFGWU0ZQ9389,5,"178,5",B
PRDK6GJHIYVK1SVF,7896020677147,PRDY5U9R0ZX7IMLY,2,"277,82",B
PRDR0K382MDR89ZZ,5601989003355,PRD5EP0V14D67VCU,2,"416,12",B
PRDIXZCISYIEUTF7,7452445445121,PRDDNQ2ZU70X03QJ,2,"175,83",B
PRDHEIIRJ59C4407,7898658022511,PRDHTU102AK55DDL,3,"222,75",B
PRDOGY2RIB68MJFI,7898095057404,PRDREFHHUAZ7RRKK,1,"247,25",B
PRDGS1FP6LG20L39,7899519908821,PRDPI51DWK6AEH4C,2,"191,38",B
PRD0R5C4X5WFA33I,7898576443344,PRDDEM68UF0Z2OW2,3,"360,41",B
PRD3JIKS2AIHMWEH,7890231122342,PRDDGXS0IUMSZA7N,1,"296,35",B
PRD8BSEN5L4IIK0R,7897712069431,PRDHTU55KI45EWAU,4,"229,59",B
PRDY1BAADFUS9CB8,1286508320126,PRDZRCCTH41Y2BU6,7,"329,5",B
PRDCW7JEGILVNSB1,735810170154,PRDLC689UEQN8EDK,2,"232,06",B
PRD2ETNS4KQO4TU7,7892546514546,PRD2ETNS4KQO4TU7,18,"443,78",B
PRDBTD5GU88OVR7F,7908020901587,PRD6XFEZM7H3CIHB,4,"251,49",B
PRDUNT6TIPH1IQ92,7899961001729,PRD0CZOSYDMP8XQ7,10,"279,2",B
PRDM3PGWQ63A9I9P,10450015189,PRD39ISI9KN3DO9S,4,"342,88",B
PRDYI5EDUDBYLOPT,2960000082674,PRDYR1DU8WH49DTI,6,"580,52",B
PRDL2ZBZV8CTA9AD,7842017122251,PRDOTBO4KFOEMH1C,1,"206,15",B
PRDPJW59T75HZR38,3528707178527,PRDNQS9TE448JX8K,2,"569,87",B
PRD4H9LBI0ZL2V5V,6012507379385,PRDGWJQ0TW6XGEMM,4,"367,41",B
PRDLPEOLFIZ7A1CU,7898598164272,PRDGDMDUB1M6BQQ4,1,"199,21",B
PRDOWCFFZ0PR0MRY,4079670612291,PRD2FBU9NAO8DBJZ,7,"323,65",B
PRD7IYBPUGD4D3P6,7430041849482,PRD7OFSJ422ZCGMA,1,"231,72",B
PRDTV2ADZ3N8LLLY,7898554606211,PRD14C5C3LZWMNN9,2,"402,98",B
PRDKZQS2P6KHJQVB,789599562341,PRDD9S63LDLVIS72,2,"268,21",B
PRDT556VB1H05YIS,7898576366254,PRDYLBT06Q9QHY2K,1,"400,92",B
PRDQWRNN07ZTF76P,9116354445174,PRDSMQGB4KIPAR6F,2,"421,14",B
PRDQQE5JSZDH0LAB,2960000312337,PRDVDV632295VA2W,2,"229,98",B
PRDHP9EG4K8QPFDM,4974019020877,PRDQEXZQAW3YNZIH,8,463,B
PRD9359ON5B533SM,27242868854,PRDE56LUPTXG2XCF,2,"258,38",B
PRD37V6K9NZA8PNL,2960000888436,PRD4U9PZ6GH6KR0Y,1,"196,31",B
PRD2FPMHLIP9ENHO,7909389579103,PRD6EW0KJO3Y6N2L,3,"415,71",B
PRDIN1EBL5L2BDP4,2960000249459,PRDNIAG4KH6PRF97,5,"700,24",B
PRDEFLCFPWNLK5W8,669818570800,PRDBCYQ7RXJQH5OB,9,"381,42",B
PRDM5ZZE2DAYC1GG,7892996131447,PRD4UHO2RKWLGXZ0,1,"218,99",B
PRD20CTOW8S12LV4,7898963013532,PRDZ3LKRIMUE81NX,4,"446,54",B
PRDDFA9HASNWETZ7,40232926778,PRD59T72EP5ADDVJ,3,"716,92",B
PRDLF0Y300PRXWDD,3481500005776,PRDZKRCOP4XJJDEH,5,"258,04",B
PRDXVZ302GYI6SS1,7426844271162,PRDFOP8YYTTK1BI8,2,"204,45",B
OLT1FE68051DD0E,7899893323067,OLT1FE68051DD0E,1,"258,96",B
PRDHIRVEGWTFMM6A,7896779810000,PRDLHSCNLC9ZMOFQ,4,"269,09",B
PRDG8XEU9V3BYM7T,720355985363,PRD6WD0EC7JMA86V,2,"423,98",B
PRDPHFFAY9EL661L,2960000207824,PRDKLGND18BDSVQ6,1,"197,97",B
PRD5AV2FXIWCDPWU,9788551002049,PRDIB6MTGGXX54FY,2,"277,49",B
PRDB9A4YS8SRZTW6,2960000977550,PRDPQUM6D0H1GY3M,1,"201,13",B
PRDV4U7MQP90A8BC,7908157707632,PRDX0SHFBKSS0H6F,7,"595,38",B
PRDVJXW2W7V4K55M,3509866219702,PRDVJXW2W7V4K55M,3,"292,65",B
PRDEP70HUO57HAGQ,7895792018325,PRDHT4FMQ9EMTN0B,2,"246,61",B
PRDU1648G8JUNSCZ,7909389931277,PRDOJ6JLDFKIS3U3,4,"525,28",B
PRDKK5OOY3GALAA2,7891106912846,PRDQ3FZ5ZORGSG6R,2,"401,8",B
PRDQ11KRTUSLO77P,7898603651476,PRD6RHV46OWHV9PX,2,"270,82",B
PRDC84QJ57P42IXC,7899121810826,PRDHN1IPY3UKZWYB,2,"746,7",B
PRDPPO0K2DPZ1M43,7893689960887,PRD89PMPYLQY1ZLU,1,"711,06",B
PRDWBTFE5J5UC096,7897066314645,PRD7WTUD1MY0OHMY,1,"219,96",B
PRD2F1L36XPDII4E,7898152189550,PROA8FEF9F405E0,1,"503,8",B
PRDXJ7I0IC68TWD5,6925187882017,PRDOM9H7N6725CXU,1,"176,11",B
PRDZ2XOKZ9SQNFYG,7599681858008,PRD43UXQEEMWBJP5,1,"285,77",B
PRDDVYTHSSH7CHLM,7897375171618,PRDDD6077UIL0DAR,5,"332,09",B
PRDPZE1DUXQYP3AR,8000000546371,PRDUJU3B54LKRJZ0,2,"279,19",B
PRDCNTP5QIF8AAGA,7894728693193,PRDUEAS6NM5W27GV,1,"667,11",B
PRD459J0T1NZT78J,7899090123026,PRDPOMEKWMVS0964,3,"293,83",B
PRDZFI1Y1WL9LUKG,7891638005016,PRD8ILAQE4B9Q8MW,1,"193,95",B
PRD5ZW373BGBAG9T,7891709098350,PRD4ZK3I5UEBIHAN,9,"312,37",B
PRDT8SV4ZZM10K85,7897323380963,PRD6T6OBYVI9GSAL,2,"181,29",B
PRD6SK9PWHXAXDQ2,7898249430220,PRDR15Q6HJ0Z56W6,3,"229,63",B
PRDBCE516DULS9K6,7898483538119,PRDKU0A092KW6LCJ,20,"549,6",B
PRDTEJFPVPLL0IIK,2960000726042,PRDIPD1RJK5MTNFN,1,"215,42",B
PRDZYBE6N591JAXP,6941690710814,PRDYQJRW9NYEWYW2,1,"180,31",B
PRD2WTMQ77XILBPD,3349990667310,PRDK4W2JZD0GZMFP,1,"219,5",B
PRDTI3UJVIF0WK4X,7908108200069,PRDJWLFSMWOGRR0F,1,"322,59",B
PRDM19P7NLBB64HY,7899658333768,PRDIHQA6VMM5CW4O,10,"392,16",B
PRDDBMQJIEUHEPVX,7434923411705,PRDEK9QVHQ0G3FIB,5,"204,14",B
PRDLJOJ0OUT0UVBH,7891116032947,PROAC39E148635B,2,"419,96",B
PRD7URI2TK2VLGEU,9788587114617,PRDG5S1SRGD0U0N1,14,"715,86",B
PRD32TEMG8HPY0EV,7908084303600,PRDS8DUBBEVSJIZB,2,"626,8",B
PRDAP5YIBTEVQSTF,7909389275913,PRDNV90URVXTYEN8,4,"181,13",B
PRDDIP5KJG5I4M25,2960000420001,PRDZ2ABJ748FRAB0,1,"186,27",B
PRD90VVKR9SP1JFD,7898952227438,PRDFRJQB1MY861UH,8,"683,9",B
PRD3Q25NJKVVTZ87,7842017175806,PRDZE47C4UF1BBII,2,"399,82",B
PRD52CO40J02KHS4,7908165413624,PRDYBBHFMI30ER7K,3,"708,18",B
PRDA4NXO6C55F14K,7892463456776,PRD3XXECAQIV06H2,3,"176,44",B
PRDVPO2WEDA6FL4V,7430535049657,PRDCGKJ0S5OFS79V,6,"454,5",B
PRDPKIC48WQC46LS,40094936601,PRDCYRVFOKUV2W1M,1,"189,05",B
PRDKXWUXB847TRZS,7894448051938,PRDLI00CXF8A3QIG,2,"334,4",B
PRDUK1S2UYVXKXRY,3348900662636,PRDLSBYOK09EZM1C,1,"406,13",B
PRDWFV8OTBGTSX3Q,7891333117373,PRD7KYT4M8JA4FM6,1,"187,45",B
PRD224O1ZRRU39KR,8809145211249,PRDJNEVPFF8HBRKB,1,"374,32",B
PRDI05IV1VUZFLV8,7898105770149,PRDCZDZ1WUB1SK8H,1,"192,01",B
PRD4JB2STR6N0C5B,7892201506213,PRD74XOLDV4RMARX,2,"331,64",B
PRDVOXIN2E4NS6PQ,7897915304254,PRDJPYA80O4FWOU5,10,"534,12",B
PRDJMTWKD4CCGM4P,7893979356871,PRD8PTSD47BQ6R6B,3,"469,41",B
PRDMOVNNAJSLO2LE,7416430596298,PRDIFOL85MVPRM7R,6,"451,53",B
PRDWHWM091WALSAH,7896771604645,PRDC1AVMR5ZA1VDF,3,"511,03",B
PRDOBJQ521X7KMFM,735810138666,PRD50GCYA6NDD6KC,4,"483,14",B
PRD52SNYG1C811Y5,7909389403224,PRD2OH7UCAXM3S8H,1,"174,46",B
PRDLZJAKJYHS7N5X,7909389644337,PRDLZJAKJYHS7N5X,1,"211,26",B
PRDYOOOZO3FD1VC9,669818571548,PRDCVJTFNPKFMM54,13,"553,87",B
PRDQLGW1TFQT9NRU,7898233170149,PROAF83546ED376,2,"183,42",B
PRDJZJ64P0MKZU6N,7897373187154,PRDQELCDWG3NJK07,1,"392,93",B
PRD50ANPSQTMUO1R,3612497212025,PRDVKNVHNXW82B8V,2,"184,8",B
PRD2WVB2BJUCFZQ5,7899886027804,PRD9W5ZYSW4L2W6O,26,"445,37",B
PRD0EIXO0X0GD0MC,7899670909576,PRD962N1NHRGGXGY,2,"290,82",B
PRDYEFJCQHNKR1N5,7898674580835,PRDHFQSLB49DE9DF,5,"230,6",B
PRDDIZQ5LTN0FXAN,3147980006664,PRD0EONXV0VOE9X2,23,"733,23",B
PRD1HVEJIQFQ4787,7899578305296,PRDRIJJKDOC1FIP1,1,"219,56",B
PRD8KXUI4ZS6SUVW,78000804690,PRDAC5DMF6K2FCHZ,3,"416,86",B
PRDN4YT1ATBLCMOM,6012519039031,PRDF4KDWGJ1P1MGF,1,"267,78",B
PRDATFIFULYMMCXW,7842017170054,PRD9EZ3HT5HSHPZ7,4,"618,61",B
PRDFSCHB2FV57DF8,7010639537696,PRD045DUM5ZG0QWK,12,"735,2",B
PRDFVAQR3D4TF10L,7892125451453,PRDO5KTFAAWG23XB,1,"403,28",B
PRDZO2N5BSOS7UJG,7898562618398,PRDIZUTRLIKIQKE9,1,"190,14",B
PRD604N0QI3282W8,7898531344761,PRDXCXCL62L1JJ61,4,522,B
PRD54S582BX5REQR,7899527010004,PRD3XWC5P2F406D3,6,"402,49",B
PRDVYWYMTNQUSCMC,798190061023,PRDY3YEOD9DVNIN6,4,"509,08",B
PRDEKSCN6XH3O83E,7896640428778,PRDMOZXZHUH6VWPS,1,"230,86",B
PRD715I6AU4L76EF,6918039949365,PRDBB3JTHGOFOLXR,4,"235,57",B
PRDEYESSUPOGWIPD,2960000490295,PRDA8D3F9H7NFUDI,2,"328,03",B
PRD6FIBJN76BU2E5,7909389855214,PRDPQSRCM9009G5S,4,"190,46",B
PRD8ZT80W7MAL4HN,7899882306231,PRD0FM0G14CUSB0I,1,"314,03",B
PRDHLOMQ3CV5MJH7,76950450370,PRDTJBJ36XBL7FQ4,4,"269,79",B
PRD1U56J2M2XD4KP,92756008973,PRDWR3GBVWZZ0KQ0,2,"638,18",B
PRD18EH5MD4JD4ZF,7909253145809,PRD4G41GVC63MN2M,3,"210,03",B
PRDCG104GLRMJ76A,7898556602563,PRDUR1W0MTAS9U83,5,"608,85",B
PRDP1X3NSSEPUPMS,78911904694596,PRDURLE2183PBD79,1,"197,98",B
PRD3VL4HNR9OKP5T,4990173004676,PRDG8QCCJQVKMSJV,4,"392,96",B
PRO1697104EB457,7900661620476,PRO1697104EB457,1,"185,46",B
PRDYIFNR4LUE627Z,5054131053942,PRDKEBOVFZG12CYE,2,"182,96",B
PRD78UXS8X1OZ63D,669818568524,PRDJ589PT3UCHFRV,6,"305,04",B
PRDKTJ3F6G6GEK73,2960000102181,PRDLZ7V1QEEX7DDB,5,"714,39",B
PRDP1WSOEH0XHENE,47956728327350,PRDHHFRHJS4JEZQW,17,"679,82",B
PRDSG7Y9IAKSQCQ6,7890531778300,PRDBEB49X0K6EXED,7,"219,31",B
PRDF68Y8HZ0GAAW6,7891530598852,PRDEXJ3QKEXS0KN2,2,"590,16",B
PRD4ZFKW8CPPTLXU,748323522587,PRD6ZL42Y5V2HAP5,3,"315,44",B
PRDJ5113JE1IM9NO,7896176844196,PRDSQVPKHI2P7Q9V,1,"302,09",B
PRDBMVCUW35W9SIY,4892679108561,PRDDPDBX03FSJVKI,1,"322,63",B
PRD53DTL2WWE9SFM,7010646682709,PRDK4MD0L3SA8V4S,4,"435,54",B
PRDQYC9LM850COPK,7898678680012,PRDTALZUL9G5JLWH,3,"174,33",B
PRDWL1SYBETR5MZL,7896715606315,PRD48ICL9XMAO3E8,5,"186,88",B
PRD5F7A180F3NY9K,8000000546227,PRD62RDG2XEQWM42,1,"678,31",B
PRDF01A6K47IYUV5,2960000033676,PRDRMY99C4YCZ0AT,2,"263,46",B
PRDSY90O04UF5URC,7898626441337,PRD2WHH0C4M3DDC6,7,313,B
PRDDS1PA9897DAAW,888392459916,PRDTI5JHXES7EUHX,1,"573,21",B
PRDVGYUUYR5CNSES,7899944512297,PRD2OCEK0Y0DFWTY,1,"333,7",B
PRDKR9HV7PKLZP49,2960000814237,PRDHH83V2U40ZAE3,4,"333,28",B
PRD6562VLR21LZDF,7899441916024,PRDDUBMWV4T8O0TI,2,"293,88",B
PRD5B96RW2AS881Y,9780711018242,PRD3PLMGCK95NF4I,8,"535,2",B
PRD357BW5TT53VWY,7896369126108,PRD20VX1GXGJA0E2,4,"200,8",B
PRDDZLDT31XS4G9W,5410522545661,PRDIHBN3ABS07T6Z,1,"268,56",B
PRDVBMHCF1MQRZBP,7890002001142,PRD54XP1KDH5LW6G,1,"252,99",B
PRDWOAXIU4E0AFPW,7909389695704,PRD7FNFF3L14J456,2,"277,56",B
PRDL0HIN7ZSZUVRK,9788531116438,PRDFCXDAMM3NZ3DS,2,"214,43",B
PRDLYAOXEC76EZBQ,7898004337788,PRDY7KIJP8ZDD2HX,7,"263,07",B
PRDEIEFJZCLRJC0H,725423847758,PRD9W3H80UHLNUGV,3,"230,77",B
PRD5LYTXZY9O7ZI5,7898678770348,PRDRPS946MDTB307,3,"246,89",B
PRDBXS6U8WW69OTL,8411061949931,WDFVOEF25H8FHFPY,2,"199,8",B
PRDMQWVGLP36KP0Y,7430970947433,PRDGBH1QB9JHLLGZ,1,"180,4",B
PRDAXFFSL1G7UOF3,7898423270826,PRDXAFPTYKU1914Y,3,"678,2",B
PRDJD9WFA4RI6Q58,7896000717160,PRDVGKPLESD7RGVD,3,"178,05",B
PRDOK4QZAK2JRO8I,7898673652922,PRDQSFZ5M3P1RS2X,1,"184,09",B
PRDJ2H1FKDF3AWJP,2960000482207,PRD9J9HVHHVBZSU8,2,"358,66",B
PRD3MIQSHSIQYM97,7890016062009,PRD9V045DR68JPG5,7,"248,76",B
PRDMVFPO7DBOBCM4,2960000458608,PRDJ766J0KIV476I,1,"596,83",B
PRDFLLMZZHZDM7N3,7894034655991,PRDX8FT2DT6JEKQ8,13,"537,35",B
PRDNEL9E4UPPZG4H,7909389347900,PRDK7CMMAL7F7Q50,2,"297,86",B
PRDG3EY8VX9H07QR,4015400793007,PRDP4ZS3Q0FSQKG8,1,"208,25",B
PRD5G8PXWUGT6LYY,7896502923885,PRDLS6JK2EKGRN8U,6,"303,53",B
PRDSXRL47SSH2H2G,7909389324758,PRDRPSJKHUDOF8G4,3,"480,04",B
PRDCJG8XZM6GFWC1,7898597064603,PRD40F2JS4UCVHJ8,22,"747,49",B
PRDFH3AM5PPX4D8V,856459002870,PRDLSHB4LPEMMYP5,3,"223,19",B
PRDZZK3UNKTXM06Z,7431006084559,PRD6YG3949HDBV47,4,"201,23",B
PRD7FISCQVRYSRXM,7804320753454,PRD1DQT9X3O208ZN,6,"271,92",B
PRDVNMUBXHY1TJML,7898639830098,PRDNV1CYHSPAQZ46,8,"216,55",B
PRDUDEFHSW0GOTAB,7895099385786,PRDJEM8UDIRHZTIR,3,"277,25",B
PRD7V5B0H14A6PNM,7899638102292,PRDVQ09RMGRX9W0Z,6,"289,64",B
PRD0WJOS3RVFHFOU,7898915704471,PRD0WJOS3RVFHFOU,2,338,B
PRDZAQW5SR8INBEF,7909389736827,PRD6O4V3ZFKZXSE6,2,"223,44",B
PRDXCYFHPEJTVZ5B,7010639926599,PRD2S7YSB1M0N1A1,2,"311,28",B
PRDULZMBYIPB45U9,7908192200204,PRDIWCMFKNRSKNSC,2,"310,74",B
PRDCL8MTVEGTZT69,789116041663,PRDROIDLD53U6L30,1,"214,31",B
PRDQFYS7GKGMYKOZ,7909389335822,PRDQFYS7GKGMYKOZ,1,"171,58",B
PRDLY8XZ3JUMDL4Z,7898579000711,PRDH9S1SWJY0TC3O,4,"444,44",B
PRDUEOK2W55ZS6C6,7898930960036,PRDMV93SAO04NSFR,3,"253,3",B
PRDN4PRY9ALD8G7F,742832141185,PRD4N3GE0XJM22MW,3,"489,29",B
PRD3U97BR999NTZT,2960000409235,PRD6IJOSDAJAII15,1,"282,62",B
PRDZEOZDGF7MI4LY,602168928082,PRDT7O4O8UJCLT66,1,"185,9",B
PRDS1H3AZBJZ5GQR,7898674581047,PRD7TCU93G1OEJU0,9,"461,53",B
PRD55X0S421NRGVC,7894200175353,PRDPPDUBVF13V7AL,1,"656,18",B
PRDGDPEL42HKEEEE,2960000695591,PRDPC46PY07G2Y93,1,"627,48",B
PRDPZ02V48DYCD5G,45496590017,PRDJ36VGO1NVMSJ8,1,"202,4",B
PRDHS91NYVEKPUAE,7908245911590,PRDI4815TJEBO1R1,3,"378,66",B
PRDA18GK47ZYXX6T,603786426219,PRDWL8P0XK01CGJI,2,"575,38",B
PRDQLLA7FQ7SVFKI,7896580606342,PRDWUWHLL84H5XOF,1,"231,01",B
PRDEK371NLE6K2HX,7908004608624,PRD2BBDIOHGCEK3D,1,"336,31",B
PRD5X9U0AM32LM61,4206113771707,PRD4YN03J2AR9GBG,16,"469,76",B
PRD8O46ZBWNZVGRV,7896020637509,PRDS70G81C5BWZU6,3,"556,31",B
PRDDWASV0TFXKT1I,6781023435942,PRDS0QCB7ZPMOS3S,1,"211,68",B
PRDDD8J4RGEMKP55,7898656956436,PRDSGQ2CPF028Q0D,11,"439,56",B
PRDXJ31JD0PPUSWH,7899838834221,PRDF06VB1S7QU8NA,6,"679,39",B
PRDCENHP9NZ2E9DC,7897372110450,PRDQXO5VSFH3CO4P,1,"302,86",B
PRDAY763837UXBRO,7898942072222,PRD6WMOTLLRGFCZO,1,"291,63",B
PRDQG2RRL1I6XS6L,7898582469154,PRDJ6QFTQX6HC6NO,2,"188,02",B
PRD21XQOSYCRKSLY,7899738007978,PRDDK2GONOJKUOF4,1,"215,16",B
PRDYRC5AJTWVU3D2,7909389858048,PRDYRC5AJTWVU3D2,1,"241,27",B
PRD3PH2G348OJWKC,7898916814025,PRDJJZP4HRDR3V4X,2,"238,98",B
PRD8H8ARGVTB4DAT,7908113811489,PRD8N6EHRR0OUUBJ,1,"294,45",B
PRDWXM4CKHATXSPM,7894200183549,PRDQWTR0F27Z73NU,2,"429,6",B
PRDZZ937MBLE7O7Y,7908245602559,PRD2AC24I4KWE343,3,"369,52",B
PRD4QSGPY8E4CYKW,7898147771050,PRDEAPKVT10Y3WSY,2,"216,37",B
PRDQRMFZRA92A89D,848958031390,PRDUDBIUJYY0JOYF,2,"467,01",B
PRD4GOJ0Z4XQ739H,1338772525124,PRDVVJLX4WLZV9Y3,3,"501,37",B
PRD8AV5H1K98DYCT,7898252703748,PRD4SZM3EDOLE8KZ,13,"282,8",B
PRD7J329YFFS05XC,7898658689066,PRDKPQNZTX06O5K2,17,"377,59",B
PRDKFY9NDHDG193K,9811000000355,PRDI9EMQQ3JM5PVT,10,"691,98",B
PRDM1DA77EYZU877,2308397891354,PRD9XYMUMEHTGN2X,1,"488,54",B
PRDTJ6WT6YQ1VH2K,7908105217688,PRD7RWDUI4ORO5PY,1,"215,84",B
PRDV05X9SZ36XSPY,7899842206496,PRDYTK4O9TQIYG18,6,"535,72",B
PRDLNDRLZ65FHLOH,801161910258,PRD9QFURDRMZ55YA,7,"544,19",B
PRDTD4029CEUGDS7,2960000667734,PRD5T54WIMLJYK5S,1,"252,33",B
PRDTV01MDPJN7IAN,7892325906982,PRD0B63Q3CSHIHZC,4,"201,37",B
PRDKBI9865IDEGBL,6012525312388,PRDKHXYYJO4CTS1P,2,"395,82",B
PRDUWG6WODI599ZA,3607342772885,PRDKFIU9R9P4ZHY0,1,"216,24",B
PRDUR0V4YTCX9NYZ,4064222658742,PRD4C7XW7285FZPT,1,"197,39",B
PRDMRR2ERNSU6HA0,7909389494369,PRDXEV6I92BYZ1UW,6,"551,75",B
PRDA3DEJD0CXY7AL,7898282142814,PRD1CCJM2PNSBN8B,7,"520,76",B
PRDOHGSF7PN5S5M5,7898612690527,PRD5I96LD0RCX4RW,3,"337,11",B
PRD8HUCV1CC9F4DP,8718291714347,PRDVUFC4LVZOUFF6,4,"384,84",B
PRDEUSUXPG0OHB7A,7899938402580,PRDS01NQCDPHTIQ2,2,"179,55",B
PRDY65WKIYARC17T,7898949409625,PRDR1I9PN1FQIC0A,15,"483,95",B
PRD80GXVHWKQ8T0C,7898378432317,PRDPF047XXW964RB,14,"441,2",B
PRD709PRT0PG8R1M,7891472002851,PRDWGJ4GPRYVGTK0,1,"224,69",B
PRDD33ZX1MGX5P6C,7894945612090,PRDP1SFKSCUOM33U,5,"717,2",B
PRDJ503YDEZOFWVN,7898947942056,PRD2H0IKHJ5LKY82,6,"617,25",B
PRDBXFW0HSMBJN7S,7891461034245,PRDJDA01PQPR8RHL,2,"418,5",B
PRD664KIO9AN0QFH,7898556610926,PRD664KIO9AN0QFH,1,"247,43",B
PRD064XTW12VIZZY,7908097600284,PRDU4XMYCXVSDKT5,10,"446,91",B
PRDI33YFC4DO2M85,7852463154126,PRD5CHR56FRS4230,6,"221,59",B
PRDPDURG58HSBMJ5,6957141405192,PRDB8GBBRE370XZJ,1,"201,73",B
PRDH0ZNUJIEYJ77S,656879891258,PRDKLISWGEIE6QJM,1,"248,5",B
PRDXTO5LFP0F4S94,7898674984404,PRD4S1D7I7F4SGP8,1,"185,37",B
PRDHW1FWKQ7VSPQ0,656871234121,PRDC6E7TRYV1707V,2,"335,44",B
PRDM4MQ9IT7CVE2S,7898407015061,PRD8IOL67VVEY7K2,2,"203,2",B
PRD7GJTWGIVZAHSE,7890001087215,PRD9R9BHLBMJJLU4,1,"266,55",B
PRDPORLH434KVTC8,7898914878487,PRO126822512C9D,5,"484,96",B
PRD2998FLBHYVJVT,695937550119,PRDFKVMRFB9BJLRY,1,"432,04",B
PRD8W0XDWOZR2X4M,7890364178308,PRD04VKAFRNLGU1C,1,"297,2",B
PRD0GMC75K2DZ4F2,7898554982766,PRDM866L2UPD41YR,7,"745,99",B
PRD7AWMZ1MY7J8H8,7893605940290,PRD86E0KMADYLJQY,3,"646,92",B
PRDSCAC5RXX7W27C,7421710942603,PRDZAD1IE4VWMZR2,1,"197,24",B
PRDWGOBVXC7J683S,7896558491000,PRDAT4URXJ6N19FI,1,"327,22",B
PRD32Q84612NNMU4,7898443809754,PRDMD80PRDRJDO2P,23,"617,01",B
PRDE0VDVJVHXOC2E,4891761221041,PRDKAFW2AC8OOQUO,2,"279,96",B
PRD488FH1M8PA73P,7898660520036,PRD85MGWR4IJDCSR,5,"476,17",B
PRDOAV8AK8PJVLJQ,7908295700953,PRDMA89V5QI3KQDP,1,"394,96",B
PRDA93070DEQNX1F,7892929801225,PRDTW63R07BOXA6Y,1,"177,45",B
PRD3XXUDF8IH4ZFO,7908213501631,PRDQAA7LBZFJMVHB,5,"523,62",B
PRD6G1IKTKFJYRKL,5010994743901,PRD36Z1ZK9FNP0KY,2,"230,86",B
PRO974B85354BC9,7891530258930,PRO974B85354BC9,1,"607,02",B
PRDDAD4N9BI9DLD6,769493100382,PRD5KK9WBD9ASN6J,1,"174,75",B
PRDGI52U215CYK8P,7898610581810,PRDB4VZHG7E9PJGQ,3,"456,19",B
PRDRXK0AAGTA1A2I,7897941014004,PRDRP73CENXSVKIL,1,"222,39",B
PRDRRTL6E6SCVID6,7909389862663,PRDRRTL6E6SCVID6,2,"245,66",B
PRDNLFWC574EIRK3,7909389899492,PRDNLFWC574EIRK3,1,"750,79",B
PRDLVUSESR5ZR40U,2960000075355,PRDS4U477QHEJSX3,7,"195,06",B
PRDEIY7REAV6JA83,7898547658814,PRDHOODR7M0V4I0A,1,"234,32",B
PRDQDHV55M7QK98G,2960000225835,PRDMPL32I5NQGVQE,1,"401,37",B
PRDHDBL78DOW6CFA,7822295349489,PRDKD88RNPUM542W,3,"256,9",B
PRDYOPU9U4VLPKQF,7891371314703,PRD0NZJFM3L73B66,3,"484,63",B
PRDINVABYM0WEF4Y,674740303433,PRD4JGE2LT1Q6MPC,2,"206,16",B
PRDGZNMXD94X0LBT,7898589727189,PRD4PPEQBC9KOTY8,6,"178,71",B
PRD0970XA3MCHFVC,2960000453092,PRD88230NTI59OQ2,4,"280,12",B
PRD6J6FGJKD3AOCT,7898109850298,PRDJ5DQ43GB1UAHU,3,"318,75",B
PRDRZVD9KT81IGKA,7909389421440,PRDRZVD9KT81IGKA,1,"423,74",B
PRD2ICLT2ZRR8NK9,7842017159462,PRDRM2G9A77X23LT,1,"176,73",B
PRDSKAKQH08GR46J,7899487503707,PRD8POU0FBPN8F72,3,"181,16",B
PRD1Q2B86LUUXHDC,7909463300197,PRD2IW4WTRBKML1U,8,"471,07",B
PRDZP40X8P8CW9SQ,7820184251714,PRD0XUMER2P8256H,1,"188,78",B
PRDXQ9YELTENAJ80,7897034139768,PRD34PSQF3OBEZ7Q,1,"364,77",B
PRDS1ENXFQ55QHEJ,1766636996610,PRDNZU2SNZ9FLEJ7,4,"524,41",B
PRDW9VXXI2ITAO20,7897186081625,PRDOYWXTW3TPU3R4,17,"695,35",B
PRDQCCS6YFIA4QF7,7891108080062,PRD1GZ8ZJ0O3BEHT,2,"409,24",B
PRDAEANCWUM3O5NJ,7898201905308,PRDX9HM2BW9VUXMI,3,"322,35",B
PRD7ZW126TD672LX,5088786328971,PRDND73O10JF0TXH,1,"263,59",B
PRO51EA9550AAF8,7899961731916,PRO51EA9550AAF8,1,"180,44",B
PRDKTDU50G9FVV57,7898907175302,PRDNBRXWB78LNP53,7,"415,29",B
PRDJ4UBZ4YXTLR0V,7898658711613,PRDPGC3CKHGFXUHT,7,"181,58",B
PRDUIBWHPPINDG3G,7898902639830,PRDX6BZJ5QDGJN3Y,4,"245,11",B
PRDRPYQPHHMK7D2Y,7897046926172,PRDB0LG50FYHJ5MC,1,"369,88",B
PRDRHHHXFBC1EGWN,7898516917409,PRD5KJX8DV2W6XI4,2,"311,62",B
PRD3S7K4DWCNGD0B,85854241793,PRD93IBSLRIZCVMP,1,"190,72",B
PRDGBTU4AGWWETOE,7020002348712,PRDVOJH406TQ04T5,1,"519,12",B
PRDLXRV2J5R8KWAF,4085400291001,PRDYP5FW2KGY7RO8,1,"429,79",B
PRDTOQIK1V370EYU,7909463011772,PRDUXBLY2CLZQ2FW,10,"505,38",B
PRDL6TZEY9CSGYY0,7898085820575,PRDB1MHU6PNNOCTN,8,"453,82",B
PRD8L2MIUI1MTDYA,7010639440170,PRDT8LUK8V0J4GDF,1,"315,44",B
PRDBDZY9YXIVS5CH,7898506438969,PRD6ZFYKHUDIL4R7,4,"381,96",B
PRDGWEY91ZBPJP0V,7430870912210,PRDIRWKOX8S01WCF,1,"206,26",B
PRD5MJYO6XO38PFE,4260165873406,PRDBWAL8JR3NKQ3F,1,"287,09",B
PRDXGCSMYM0V0GDY,7898581881711,PRDHV7WY1W6M0QXK,1,"351,41",B
PRDPBYA2C9YW7IHT,2960000081967,PRD080OSMP636H68,3,"189,93",B
PRDI8E2WFKIVGHS7,7909463809010,PRDJSOTK5MCKMY6W,5,"388,92",B
PRDC50XDTRT98AKN,7891051029583,PRDSLQAIQ9ROVFCE,5,"281,23",B
PRDLF73XTGA12N7L,2960000133550,PRD586W5RMMQMOYC,2,"544,15",B
PRDMQXO5FGZRXG7Y,7891000000755,PRDQJF0Q5SVYY51K,1,"443,92",B
PRDB0P7BLZLF9541,7896580633249,PRDGL34TITGQOMZM,3,"645,21",B
PRD4F23ZDLIYP66A,639853121220,PRD2HHTRYX946OQT,11,"672,36",B
PRD72J11S203RGZR,82184046791,PRD5LEUXF6EEPTID,1,"416,54",B
PRDWRXRKPB6MB9CC,34264495326,PRDD1YWFKKVDZZD5,4,"566,75",B
PRD5GELQ5W9Z5KJD,6012507378364,PRD1ZXFHJATUKLJ0,3,"293,56",B
PRDTFIO7IOK1KK6Z,2960000074983,PRDJ18PBGFRWVN3W,2,"215,14",B
PRDC3E40789CEU5B,7435589055531,PRDRN54TQ1XF7L37,2,"187,21",B
PRD5TB9UHE01EW8F,783320851094,PRDUZN2VBZZBKV5N,1,"251,46",B
PRDRB8CGKL2E2QA2,7899706170253,PRDOD6724DEHDM0O,1,"352,92",B
PRDFLKCMV3LKNN6L,7908157100242,PRD757QL9L85ZLA9,1,"523,48",B
PRDKKT6BGGUM86AZ,7893333333364,PRDTP5IG3YAHQZTV,1,"201,6",B
PRDV3H0HH1R7FFJ6,6943206702368,PRD7FO888403EZMJ,1,"291,93",B
PRDUMCGIV6JPL50X,889698364676,PRD0H4C4WGZ4VX8Q,2,252,B
PRDFWGQT9GF8S3HW,6926528432311,PRD0UBYASJOXNGHY,4,"200,84",B
PRDQW982CJ01TW8N,7432536913081,PRDLUEPZI9GSR3MI,2,"429,08",B
PRDJNZD0NU2G57AR,4585878028357,PRD7B1MFCWCGVPHJ,1,300,B
PRDPWW2WWFD1S217,2960000205912,PRD18MWO29I4LXTO,3,"276,44",B
PRD3YWHH7247MJZX,7898193140435,PRDP50GYM80GMLEC,6,"205,75",B
PRDKQPTW5RRFRX6K,742186937359,PRDKU53G0L7I1C3M,6,"289,19",B
PRD6IQYOVHQFGTJ0,7893689813213,PRDKY0HBENZXNVZD,1,"460,18",B
PRDJJ4IV0JJO330F,7899406376399,PRDCFR79BRHAN05R,2,"366,92",B
PRDMSUXD4LGDONR4,7898647710504,PRDMSUXD4LGDONR4,2,"384,74",B
PRD1ZMTV3IRIZI9X,2960000037551,PRDZG3Y9ABTAPONZ,4,"202,83",B
PRD6ZLWVDL5V0S9G,7898678770096,PRD7JP8Y8PENYKZ0,3,"314,81",B
PRDAEWMFMXUSE0OR,2960000342419,PRDHJO9MK3PQ6QAC,1,"253,05",B
PRDT3H0RU4QCUGOO,7899621108287,PRDJDAH4LNCG1U3O,4,"230,85",B
PRDSOFG2QEMSH8NM,7898666850274,PRDFP4E5HG4YMIWU,1,"222,79",B
PROC33813709748,7899952268315,PROC33813709748,1,"278,29",B
PRDJBJG9VYSW4VI1,7898589010465,PRDAN4VZV0ANX7RH,7,"443,28",B
PRDGIWK4G0RS5OMI,7898523727275,PRDEAS4MNLXDXU92,2,"402,39",B
PRDRKGH04PTTY2R9,653437599090,PRD51LD78BC84PCZ,1,"736,37",B
PRDJT26FIZOML9SG,8975642314544,PRD7T2Z1U659Y2GY,3,"206,97",B
PRO0E6285ED8B1E,7899961740895,PRO0E6285ED8B1E,3,"215,01",B
PRD7OYHOFZS6ZRVT,7909463598570,PRD8SDT8SD7OFENR,1,"570,29",B
PRDUEHRYRCCNN38M,86800097679,PRDAMU5GM9Q9B3D8,2,"195,01",B
PRD5NZFR69GEOYJ9,7897270191124,PRDDEYWNBB459BGA,2,"660,98",B
PRDGCKYDBJPVBIM9,789802455255,PRDXW4617RLE3QDZ,6,"413,91",B
PRD0ILFKEPB36ORJ,603149317123,PRDPHQGQQA7QTSPH,12,"684,25",B
PRDS90E3OFX54LBU,5000159462129,PRD2OWW5RIE8091L,4,"203,44",B
PRDL8I2B1GA9OXIO,7895099504903,PRDJTKFBROAQK649,5,"229,85",B
PRDDUHJNEJ6CP27J,2960000185337,PRDNRMY834WIC7PH,5,"500,27",B
PRDIFNFU1XKFDR2K,7899704680235,PRDBNH4RKCEBG66A,6,"193,22",B
PRDWTGN7RKYN3V0Q,7908101107976,PRDHNHEK5TNKEYP1,1,"310,33",B
PRDXU8O2T655WJZ6,17896075712449,PRDDOPMGF86UE4TS,25,"309,49",B
PRDD73K8OVDQPCK0,7894621185573,PRDY8YQGXR3Q4WXV,1,"290,93",B
PRDE50JU5WMVGYL5,7891228496606,PRDW4N9XJK38G02B,4,"275,76",B
PRDIP972SYCEKEUE,7896182008230,PRDRAYTDFHV1Z6OP,1,"192,49",B
PRDDQZ859W66NKCQ,7908169313739,PRD1DOTLBEP5FLIG,6,"476,98",B
PRD4I9NQD9TLE6DB,7899847753377,PRDSVFTXZU981BOA,2,"214,23",B
PRDJBCOQCODHPEWC,7896176775971,PRDFHARV826LLUON,4,"179,44",B
PRD4HRLRODTHT9TO,7897013581717,PRDFCGP76RRW2OGG,4,"600,5",B
PRDXCNVYZELNO27E,7898904361616,PRDQEMLKIJQFFERV,3,"222,14",B
PRDOZQ23I8JCMM4F,7898605640461,PRDB79DFJT6GEBON,3,"375,57",B
PRDO53LYRO0SBH9S,7893689679338,PRD9IRLZTIJ4E1BL,1,"399,04",B
PRDJ1Q0N1CZ2IW43,7890012113613,PRD86AIMABLJB2XH,2,"259,46",B
PRDS3E07S6EZ425T,2960000462483,PRDSJIXAISI57JCT,8,"436,93",B
PRDMASDDR4LKJ0MI,7898585610799,PRDD33Z7IBYJO07Z,5,"273,67",B
PRDWH069VY46I4CC,7897425801120,PRDCP25NTIF6EXAU,1,"369,89",B
PRDA31PCN5MGKAEE,2960000113538,PRDFWWFO2FZPLQ1I,3,"232,19",B
PRD8V8Q80WE249SZ,7891371047625,PRD8U9VNLSQINV44,2,"191,44",B
PRDPBMBSZNJD3IIT,7898536470823,PRDCBPTMOHC5OQ8M,3,"448,79",B
PRDHRLSPXPRTIF7I,73228106052,PRDHRLSPXPRTIF7I,1,"325,77",B
PRD8BKCBSXV5BA00,7437466390223,PRD4Y97CP898GCAP,1,"252,98",B
PRD2RKJKHELIL92K,7895792017304,PRDTRW6642DNYESX,3,"202,94",B
PRD1APIDYEJHGO8U,8053672994735,PRD1NCY7ZCTL2T0K,1,"198,89",B
PRDIUT1XM3VH1801,8944780948850,PRD568H2AC7C4QTH,1,"262,42",B
PRDCBCOF64Z89A3L,7898662382151,PRDAH33NN12OBBH0,1,"236,32",B
PRD2OSBXCHLQHKPM,7908163803007,PRDVX1751NKEQE31,1,"408,12",B
PRDOMU7HJJADQF5J,6933126200518,PRD0T2Q7S9UM7V17,7,"610,7",B
PRD8UHLW0YAJ5PJH,49694508997,PRDKUJQ1ODM6YG6M,1,"632,96",B
PRDB9OO9497H2K71,7702094190034,PRDDDBQYXE1YADZL,6,"232,38",B
PRDPUKBN7DF5ZV7S,7894088000242,PRDEJIK2ON011JN5,1,"213,65",B
PRD4HQ7IV8UAPTAD,7890000060547,PRD69UGLRY3DIGM0,13,"549,01",B
PRDSVRHKL8YCJLIA,7898657332239,PRDPA326TTDLN5XV,3,"353,66",B
PRD7ZK2LD1H45OMH,7891060203189,PRDIRTVGHGTIGDBF,7,"598,64",B
PRDNSQJ4MZBDIRPQ,6946943865792,PRD23T736M8V2ONM,1,"421,86",B
PRDD8QRIKXI1HK9T,630509756223,PRDBKTUT381OPZX3,2,"568,32",B
PRD10E3DNSAX98WW,7897280339417,PRD10E3DNSAX98WW,1,"560,45",B
PRDIFWNLCLWDJAGU,9788483693186,PRD5DD0XEU5RB7DZ,2,"258,5",B
PRDE5CD2TV3LC0S7,843367115228,PRDVHR4V5SJEOOYW,1,"213,14",B
PRDZ7LGV8FH41TQ8,7908157700077,PRD6PYDIINV5V9ZE,4,"336,1",B
PRD4GY7KQC0OXT9X,7682302200321,PRDYPO50JKVWTJ5R,1,"194,22",B
PRDUMPDK91QLFF79,7898384810024,PRDB3HFVT3DTYM0A,2,"628,4",B
PRDRH8Y3TXD34I5G,7898603641750,PRD3FYGI99IV5QMC,5,"506,55",B
PRDJH14OWA07OL2F,7424122737232,PRD07DDLHV8SWZEX,1,"311,65",B
PRDWBIKD0PL3RUA4,2960000359806,PRD3XJYC28RD5MUP,3,"180,79",B
PRD94INY5WS8ZIOV,7892494004533,PRDXBR6OCROU0RBE,1,"180,52",B
PRDE2S54RPIHAX1V,7430132448730,PRDKQSSJBKE5JM13,11,"626,71",B
PRDU28N5LFGCA47S,7898326240209,PRD0DS8CMGWS7GRN,2,"326,17",B
PRDGYY7GCTE4JCCZ,7898523231017,PRDPGNEW84WUESON,2,"665,92",B
PRDPLIE835KG6ZJP,7611160705129,PRDA7WXK0F8FA3QS,2,"228,58",B
PRDXT7BXX0FUAOCY,7898625661071,PRDOW20GD7OQW4C8,2,"277,26",B
PRDVN160N2O35W41,6905792030201,PRDJE43YNXL15OF8,8,"477,25",B
PRDCYYG72XEI76UA,3528705562304,PRDJUBYCNTYE8FFF,1,"281,7",B
PRDQXX9TNYEMSHTF,6781091056810,PRDKC4WJVID9BNOC,1,"233,91",B
PRDHYSGCARYY5ZE7,7171208422475,PRDQ9IJ65LUHLV1J,6,"200,31",B
PRDF73VDAQFA64A9,7895487798419,PRD83GAZSL5VZK5D,2,"172,32",B
PRDUYMMHNX9Y0Z7T,671072038248,PRDBG4EGY3V3KQVL,2,"216,98",B
PRDC5SUP2QJF1L88,7899882304732,PIOVEB0P4FAIGRR9,2,"183,42",B
PRD9VA55MC0I27AJ,7890201094952,PRDZNGZI6XGI3D59,1,"210,79",B
PRDBWR1Y3SP1T8V2,2960000181735,PRDR068XN5OOICGD,6,"280,5",B
PRDNA5H4ZJVOY0ZL,7897939221698,PRD1TODNSUQ97H85,5,"312,13",B
PRDOUHJO7I7VLHMR,7908165411330,PRDFXTCYSJUFA4WB,3,"424,91",B
PRD05KA22RRPBX8Z,700083859563,PRDMGNWM47N95BPY,2,"208,27",B
PRD3UFQ29Q86Q4DJ,687925857379,PRD508ELUJ8VFGFW,1,"321,78",B
